Scan Name,Updated,Type,Module,Source,F/P,Data
alimentacion alcampo,2024-01-24 17:34:29,BGP_AS_MEMBER,sfp_bgpview,212.80.185.198,0,12462
alimentacion alcampo,2024-01-24 17:34:29,BGP_AS_MEMBER,sfp_bgpview,212.80.185.198,0,12541
alimentacion alcampo,2024-01-24 17:35:09,AFFILIATE_IPADDR,sfp_dnsresolve,alt3.aspmx.l.google.com,0,142.250.150.26
alimentacion alcampo,2024-01-24 17:35:31,AFFILIATE_IPADDR,sfp_dnsresolve,alt1.aspmx.l.google.com,0,142.250.153.27
alimentacion alcampo,2024-01-24 17:36:01,AFFILIATE_IPADDR,sfp_dnsresolve,alt2.aspmx.l.google.com,0,142.251.9.26
alimentacion alcampo,2024-01-24 17:36:01,AFFILIATE_DOMAIN_NAME,sfp_dnsresolve,sa-in-f26.1e100.net,0,1e100.net
alimentacion alcampo,2024-01-24 17:34:29,NETBLOCK_MEMBER,sfp_bgpview,212.80.185.198,0,212.80.160.0/19
alimentacion alcampo,2024-01-24 17:34:29,NETBLOCK_MEMBER,sfp_bgpview,212.80.185.198,0,212.80.176.0/20
alimentacion alcampo,2024-01-24 17:34:29,NETBLOCK_MEMBER,sfp_bgpview,212.80.185.198,0,212.80.176.0/20
alimentacion alcampo,2024-01-24 17:34:39,NETBLOCK_MEMBER,sfp_ripe,212.80.185.198,0,212.80.176.0/20
alimentacion alcampo,2024-01-24 17:34:22,IP_ADDRESS,sfp_dnsresolve,www.alimentacion.alcampo.es,0,212.80.185.198
alimentacion alcampo,2024-01-24 17:35:41,AFFILIATE_IPADDR,sfp_dnsresolve,esifw1.tsai.es,0,213.0.43.37
alimentacion alcampo,2024-01-24 17:35:19,AFFILIATE_IPADDR,sfp_dnsresolve,esifw2.tsai.es,0,213.4.194.5
alimentacion alcampo,2024-01-24 17:34:41,PHYSICAL_COORDINATES,sfp_openstreetmap,"Isabel Colbrand, 6, 28050, Madrid, SPAIN",0,"40.5113612,-3.6752671"
alimentacion alcampo,2024-01-24 17:34:45,PHYSICAL_COORDINATES,sfp_openstreetmap,"Isabel Colbrand, 6-8, 28050, Madrid, SPAIN",0,"40.5113612,-3.6752671"
alimentacion alcampo,2024-01-24 17:34:41,PHYSICAL_COORDINATES,sfp_openstreetmap,"Isabel Colbrand, 6, 28050, Madrid, SPAIN",0,"40.5143058,-3.6715074"
alimentacion alcampo,2024-01-24 17:34:45,PHYSICAL_COORDINATES,sfp_openstreetmap,"Isabel Colbrand, 6-8, 28050, Madrid, SPAIN",0,"40.5143058,-3.6715074"
alimentacion alcampo,2024-01-24 17:34:59,AFFILIATE_IPADDR,sfp_dnsresolve,alt4.aspmx.l.google.com,0,74.125.200.26
alimentacion alcampo,2024-01-24 17:35:51,AFFILIATE_IPADDR,sfp_dnsresolve,aspmx.l.google.com,0,74.125.71.26
alimentacion alcampo,2024-01-24 17:34:47,BGP_AS_MEMBER,sfp_ripe,212.80.160.0/19,0,8903
alimentacion alcampo,2024-01-24 17:34:29,BGP_AS_MEMBER,sfp_bgpview,212.80.185.198,0,8903
alimentacion alcampo,2024-01-24 17:34:41,BGP_AS_MEMBER,sfp_ripe,212.80.176.0/20,0,8903
alimentacion alcampo,2024-01-24 17:34:42,AFFILIATE_DESCRIPTION_CATEGORY,sfp_duckduckgo,alt4.aspmx.l.google.com,0,Alphabet Inc.
alimentacion alcampo,2024-01-24 17:34:35,GEOINFO,sfp_ipapico,212.80.185.198,0,"Burgos, Castille and León, CL, Spain, ES"
alimentacion alcampo,2024-01-24 17:34:05,SSL_CERTIFICATE_RAW,sfp_crt,www.alimentacion.alcampo.es,0,"Certificate:
    Data:
        Version: 3 (0x2)
        Serial Number:
            14:94:cc:ee:68:23:2d:ff:a6:b8:39:62:76:51:29:c9
        Signature Algorithm: sha256WithRSAEncryption
        Issuer: C=US, O=GeoTrust Inc., CN=GeoTrust EV SSL CA - G4
        Validity
            Not Before: Oct 10 00:00:00 2016 GMT
            Not After : Oct 10 23:59:59 2017 GMT
        Subject: jurisdictionC=ES/businessCategory=Private Organization/serialNumber=A28581882, C=ES, ST=Madrid, L=Madrid, O=ALCAMPO SA, OU=ALCAMPO SA, CN=www.alimentacion.alcampo.es
        Subject Public Key Info:
            Public Key Algorithm: rsaEncryption
                Public-Key: (4096 bit)
                Modulus:
                    00:b0:07:d8:40:42:c7:14:fd:de:2f:77:50:37:0e:
                    9f:23:3a:b3:05:99:58:ee:3e:84:2e:d6:c1:5f:0b:
                    3a:17:13:d3:b3:ab:4b:10:71:9a:df:15:b8:3a:91:
                    fa:49:65:9f:f7:63:54:79:48:ff:1a:0b:a5:57:5f:
                    5f:48:3f:a3:74:ee:f4:b5:33:3b:d0:38:22:47:10:
 "
alimentacion alcampo,2024-01-24 17:34:06,SSL_CERTIFICATE_RAW,sfp_crt,www.alimentacion.alcampo.es,0,"Certificate:
    Data:
        Version: 3 (0x2)
        Serial Number:
            16:00:e7:69:40:3c:a4:b2:48:9f:22:cc:7f:7f:77:c2
        Signature Algorithm: sha1WithRSAEncryption
        Issuer: C=US, O=VeriSign, Inc., OU=VeriSign Trust Network, OU=Terms of use at https:\/\/www.verisign.com\/rpa (c)10, CN=VeriSign Class 3 International Server CA - G3
        Validity
            Not Before: Jul 26 00:00:00 2012 GMT
            Not After : Sep 24 23:59:59 2015 GMT
        Subject: C=ES, ST=Madrid, L=Madrid, O=ALCAMPO, S.A, OU=ALCAMPO, S.A, OU=Terms of use at www.verisign.com\/rpa (c)05, CN=www.alimentacion.alcampo.es
        Subject Public Key Info:
            Public Key Algorithm: rsaEncryption
                Public-Key: (2048 bit)
                Modulus:
                    00:b2:73:cd:7c:de:0d:9e:ae:9f:df:0c:bc:25:a3:
                    9a:51:58:52:22:66:47:93:67:09:16:7b:b2:4a:c3:
                    14:b5:59:28:9c:65:74:68:cb:f1:06:ee:a8:5a:ce:
                    a0:6c:d6:2f:fd:f5:a4:20:4a:ee:9b:7"
alimentacion alcampo,2024-01-24 17:34:04,SSL_CERTIFICATE_RAW,sfp_crt,www.alimentacion.alcampo.es,0,"Certificate:
    Data:
        Version: 3 (0x2)
        Serial Number:
            39:53:23:39:90:9e:5d:00:0e:46:74:bc:ea:fb:19:b6
        Signature Algorithm: sha256WithRSAEncryption
        Issuer: C=US, O=GeoTrust Inc., CN=GeoTrust EV SSL CA - G4
        Validity
            Not Before: Oct 13 00:00:00 2016 GMT
            Not After : Oct 10 23:59:59 2017 GMT
        Subject: jurisdictionC=ES/businessCategory=Private Organization/serialNumber=A28581882, C=ES, ST=Madrid, L=Madrid, O=ALCAMPO SA, OU=ALCAMPO SA, CN=www.alimentacion.alcampo.es
        Subject Public Key Info:
            Public Key Algorithm: rsaEncryption
                Public-Key: (2048 bit)
                Modulus:
                    00:c2:58:0f:62:8e:1a:b9:9d:f0:bd:b4:5f:1e:66:
                    47:41:32:d1:f2:e6:c4:51:c9:55:04:7e:2b:4f:04:
                    7f:ad:f5:95:23:d8:19:37:92:ae:1b:ee:63:8c:59:
                    7c:b2:56:b3:3e:b9:82:8b:3e:55:fc:b6:d5:e5:1c:
                    a5:c0:df:bd:ff:9d:a4:ce:a4:22:34:7f:d5:cb:62:
 "
alimentacion alcampo,2024-01-24 17:34:04,SSL_CERTIFICATE_RAW,sfp_crt,www.alimentacion.alcampo.es,0,"Certificate:
    Data:
        Version: 3 (0x2)
        Serial Number:
            39:53:23:39:90:9e:5d:00:0e:46:74:bc:ea:fb:19:b6
        Signature Algorithm: sha256WithRSAEncryption
        Issuer: C=US, O=GeoTrust Inc., CN=GeoTrust EV SSL CA - G4
        Validity
            Not Before: Oct 13 00:00:00 2016 GMT
            Not After : Oct 10 23:59:59 2017 GMT
        Subject: jurisdictionC=ES/businessCategory=Private Organization/serialNumber=A28581882, C=ES, ST=Madrid, L=Madrid, O=ALCAMPO SA, OU=ALCAMPO SA, CN=www.alimentacion.alcampo.es
        Subject Public Key Info:
            Public Key Algorithm: rsaEncryption
                Public-Key: (2048 bit)
                Modulus:
                    00:c2:58:0f:62:8e:1a:b9:9d:f0:bd:b4:5f:1e:66:
                    47:41:32:d1:f2:e6:c4:51:c9:55:04:7e:2b:4f:04:
                    7f:ad:f5:95:23:d8:19:37:92:ae:1b:ee:63:8c:59:
                    7c:b2:56:b3:3e:b9:82:8b:3e:55:fc:b6:d5:e5:1c:
                    a5:c0:df:bd:ff:9d:a4:ce:a4:22:34:7f:d5:cb:62:
 "
alimentacion alcampo,2024-01-24 17:34:05,SSL_CERTIFICATE_RAW,sfp_crt,www.alimentacion.alcampo.es,0,"Certificate:
    Data:
        Version: 3 (0x2)
        Serial Number:
            4a:f3:b0:6c:49:ac:6b:ab:ae:b3:c4:13:c7:dc:62:ba
        Signature Algorithm: sha1WithRSAEncryption
        Issuer: O=VeriSign Trust Network, OU=VeriSign, Inc., OU=VeriSign International Server CA - Class 3, OU=www.verisign.com\/CPS Incorp.by Ref. LIABILITY LTD.(c)97 VeriSign
        Validity
            Not Before: Sep  1 00:00:00 2009 GMT
            Not After : Aug 31 23:59:59 2012 GMT
        Subject: C=ES, ST=Madrid, L=Madrid, O=ALCAMPO, S.A, OU=ALCAMPO, S.A, OU=Terms of use at www.verisign.com\/rpa (c)05, CN=www.alimentacion.alcampo.es
        Subject Public Key Info:
            Public Key Algorithm: rsaEncryption
                Public-Key: (1024 bit)
                Modulus:
                    00:a5:6f:70:4d:10:c7:2b:60:72:58:ff:39:b8:e0:
                    bd:cb:35:a3:33:de:e0:80:40:dd:ac:87:c0:a2:e4:
                    ed:5b:12:f9:c1:dd:e1:9f:bf:07:df:40:07:c5:74:
                    1a:f5:1f:93:03:1f:b7:f6:d2:84:9"
alimentacion alcampo,2024-01-24 17:34:06,SSL_CERTIFICATE_RAW,sfp_crt,www.alimentacion.alcampo.es,0,"Certificate:
    Data:
        Version: 3 (0x2)
        Serial Number:
            50:0b:72:08:c7:a5:dc:49:43:46:d7:af:4a:7e:40:c7
        Signature Algorithm: sha256WithRSAEncryption
        Issuer: C=US, O=Symantec Corporation, OU=Symantec Trust Network, CN=Symantec Class 3 Secure Server CA - G4
        Validity
            Not Before: Sep 14 00:00:00 2015 GMT
            Not After : Oct 13 23:59:59 2016 GMT
        Subject: C=ES, ST=Madrid, L=Madrid, O=AUCHAN ESPANA S.A., OU=AUCHAN ESPANA S.A., CN=www.alimentacion.alcampo.es
        Subject Public Key Info:
            Public Key Algorithm: rsaEncryption
                Public-Key: (2048 bit)
                Modulus:
                    00:c3:b5:b3:8f:8e:4c:49:94:9f:c5:5c:52:36:46:
                    ae:46:1b:5c:d6:2b:30:c5:7e:3a:4a:fa:ab:1e:18:
                    c9:7e:b9:a3:d8:82:a9:b0:56:d8:70:3e:c3:49:f6:
                    5f:ea:11:66:9a:3d:d6:13:e0:e9:19:0a:3b:f6:60:
                    0c:a9:22:fe:b9:94:60:8f:d7:43:46:0e:30:d5:a4:
               "
alimentacion alcampo,2024-01-24 17:34:42,AFFILIATE_DESCRIPTION_CATEGORY,sfp_duckduckgo,alt4.aspmx.l.google.com,0,Dragonfly (search engine) - The Dragonfly project was an Internet search engine prototype created by Google that was designed to be compatible with China's state censorship provisions.
alimentacion alcampo,2024-01-24 17:34:45,WEB_ANALYTICS_ID,sfp_webanalytics,globalsign-domain-verification=-8kpivpbgMACeanB8hk0ansSLujEnFA_i1ukkwKY1Y,0,GlobalSign Site Verification: -8kpivpbgMACeanB8hk0ansSLujEnFA_i1ukkwKY1Y
alimentacion alcampo,2024-01-24 17:34:45,WEB_ANALYTICS_ID,sfp_webanalytics,_globalsign-domain-verification=zB31GMhR9nIJvr8jz3NfOWcUMf0rQ_bS7My4I5VWd_,0,GlobalSign Site Verification: zB31GMhR9nIJvr8jz3NfOWcUMf0rQ_bS7My4I5VWd_
alimentacion alcampo,2024-01-24 17:34:42,AFFILIATE_DESCRIPTION_CATEGORY,sfp_duckduckgo,alt4.aspmx.l.google.com,0,"Google (verb) - Owing to the dominance of the Google search engine, to google has become a transitive verb. The neologism commonly refers to searching for information on the World Wide Web, typically using the Google search engine. The American Dialect Society chose it as the ""most useful word of 2002""."
alimentacion alcampo,2024-01-24 17:34:42,AFFILIATE_DESCRIPTION_CATEGORY,sfp_duckduckgo,alt4.aspmx.l.google.com,0,Google Panda - Google's Google Panda is a major change to the company's search results ranking algorithm that was first released in February 2011.
alimentacion alcampo,2024-01-24 17:34:42,AFFILIATE_DESCRIPTION_CATEGORY,sfp_duckduckgo,alt4.aspmx.l.google.com,0,"Google Penguin - Google Penguin was a codename for a Google algorithm update that was first announced on April 24, 2012."
alimentacion alcampo,2024-01-24 17:34:42,AFFILIATE_DESCRIPTION_CATEGORY,sfp_duckduckgo,alt4.aspmx.l.google.com,0,Google Search Category
alimentacion alcampo,2024-01-24 17:34:42,AFFILIATE_DESCRIPTION_ABSTRACT,sfp_duckduckgo,alt4.aspmx.l.google.com,0,"Google Search is a search engine operated by Google. It allows users to search for information on the Internet by entering keywords or phrases. Google Search uses algorithms to analyze and rank websites based on their relevance to the search query. It is the most popular search engine worldwide. As of 2020, Google Search has a 92% share of the global search engine market. By 2012, it handled more than 3.5 billion searches per day. Google Search is the most-visited website in the world. Approximately 26.75% of Google's monthly global traffic comes from the United States, 4.44% from India, 4.4% from Brazil, 3.92% from the United Kingdom and 3.84% from Japan according to data provided by Similarweb. The order of search results returned by Google is based, in part, on a priority rank system called ""PageRank""."
alimentacion alcampo,2024-01-24 17:34:42,AFFILIATE_DESCRIPTION_CATEGORY,sfp_duckduckgo,alt4.aspmx.l.google.com,0,"Google bombing - The terms Google bombing and Googlewashing refer to the practice of causing a website to rank highly in web search engine results for irrelevant, unrelated or off-topic search terms by linking heavily."
alimentacion alcampo,2024-01-24 17:34:42,AFFILIATE_DESCRIPTION_CATEGORY,sfp_duckduckgo,alt4.aspmx.l.google.com,0,Google services
alimentacion alcampo,2024-01-24 17:34:42,AFFILIATE_DESCRIPTION_CATEGORY,sfp_duckduckgo,alt4.aspmx.l.google.com,0,Internet search engines
alimentacion alcampo,2024-01-24 17:34:45,PHYSICAL_ADDRESS,sfp_bgpview,12541,0,"Isabel Colbrand, 6, 28050, Madrid, SPAIN"
alimentacion alcampo,2024-01-24 17:34:36,PHYSICAL_ADDRESS,sfp_bgpview,8903,0,"Isabel Colbrand, 6, 28050, Madrid, SPAIN"
alimentacion alcampo,2024-01-24 17:34:47,PHYSICAL_ADDRESS,sfp_bgpview,12462,0,"Isabel Colbrand, 6-8, 28050, Madrid, SPAIN"
alimentacion alcampo,2024-01-24 17:34:49,PHYSICAL_ADDRESS,sfp_bgpview,212.80.160.0/19,0,"Isabel Colbrand, 6-8, 28050, Madrid, SPAIN"
alimentacion alcampo,2024-01-24 17:34:41,PHYSICAL_ADDRESS,sfp_bgpview,212.80.176.0/20,0,"Isabel Colbrand, 6-8, 28050, Madrid, SPAIN"
alimentacion alcampo,2024-01-24 17:34:42,AFFILIATE_DESCRIPTION_CATEGORY,sfp_duckduckgo,alt4.aspmx.l.google.com,0,Multilingual websites
alimentacion alcampo,2024-01-24 17:34:42,AFFILIATE_DESCRIPTION_CATEGORY,sfp_duckduckgo,alt4.aspmx.l.google.com,0,Music search engines
alimentacion alcampo,2024-01-24 17:35:11,COUNTRY_NAME,sfp_countryname,tsai.es,0,Spain
alimentacion alcampo,2024-01-24 17:34:40,COUNTRY_NAME,sfp_countryname,"Burgos, Castille and León, CL, Spain, ES",0,Spain
alimentacion alcampo,2024-01-24 17:34:42,AFFILIATE_DESCRIPTION_CATEGORY,sfp_duckduckgo,alt4.aspmx.l.google.com,0,"Timeline of Google Search - Google Search, offered by Google, is the most widely used search engine on the World Wide Web as of 2023, with over eight billion searches a day. This page covers key events in the history of Google's search service."
alimentacion alcampo,2024-01-24 17:36:03,COUNTRY_NAME,sfp_countryname,1e100.net,0,United States
alimentacion alcampo,2024-01-24 17:36:04,COUNTRY_NAME,sfp_countryname,telefonica-data.com,0,United States
alimentacion alcampo,2024-01-24 17:36:04,COUNTRY_NAME,sfp_countryname,tdatacenter.com,0,United States
alimentacion alcampo,2024-01-24 17:34:49,COUNTRY_NAME,sfp_countryname,google.com,0,United States
alimentacion alcampo,2024-01-24 17:34:41,DNS_TEXT,sfp_dnsraw,alcampo.es,0,Validity-Domain-Verification=YTIDS786dsuhJa0u455
alimentacion alcampo,2024-01-24 17:34:42,AFFILIATE_DESCRIPTION_CATEGORY,sfp_duckduckgo,alt4.aspmx.l.google.com,0,Websites which mirror Wikipedia
alimentacion alcampo,2024-01-24 17:34:46,HASH,sfp_hashes,"alcampo.es. 5 IN TXT ""globalsign-domain-verification=-8kpivpbgMACeanB8hk0ansSLujEnFA_i1ukkwKY1Y""
alcampo.es. 5 IN TXT ""_globalsign-domain-verification=zB31GMhR9nIJvr8jz3NfOWcUMf0rQ_bS7My4I5VWd_""
alcampo.es. 5 IN TXT ""Validity-Domain-Verification=YTIDS786dsuhJa0u455""
alcampo.es. 5 IN TXT ""globalsign-domain-verification=29a8d94e50a428b889656bad17b98350""
alcampo.es. 5 IN TXT ""ca3-a50560ab2bf94355ab8c0003134787d1""",0,[MD5] 29a8d94e50a428b889656bad17b98350
alimentacion alcampo,2024-01-24 17:34:46,HASH,sfp_hashes,"alcampo.es. 5 IN TXT ""globalsign-domain-verification=-8kpivpbgMACeanB8hk0ansSLujEnFA_i1ukkwKY1Y""
alcampo.es. 5 IN TXT ""_globalsign-domain-verification=zB31GMhR9nIJvr8jz3NfOWcUMf0rQ_bS7My4I5VWd_""
alcampo.es. 5 IN TXT ""Validity-Domain-Verification=YTIDS786dsuhJa0u455""
alcampo.es. 5 IN TXT ""globalsign-domain-verification=29a8d94e50a428b889656bad17b98350""
alcampo.es. 5 IN TXT ""ca3-a50560ab2bf94355ab8c0003134787d1""",0,[MD5] a50560ab2bf94355ab8c0003134787d1
alimentacion alcampo,2024-01-24 17:34:02,RAW_RIR_DATA,sfp_crt,www.alimentacion.alcampo.es,0,"[{'issuer_ca_id': 1416, 'issuer_name': 'C=US, O=GeoTrust Inc., CN=GeoTrust EV SSL CA - G4', 'common_name': 'www.alimentacion.alcampo.es', 'name_value': 'www.alimentacion.alcampo.es', 'id': 44391985, 'entry_timestamp': '2016-10-15T13:13:41.011', 'not_before': '2016-10-13T00:00:00', 'not_after': '2017-10-10T23:59:59', 'serial_number': '39532339909e5d000e4674bceafb19b6', 'result_count': 2}, {'issuer_ca_id': 1416, 'issuer_name': 'C=US, O=GeoTrust Inc., CN=GeoTrust EV SSL CA - G4', 'common_name': 'www.alimentacion.alcampo.es', 'name_value': 'www.alimentacion.alcampo.es', 'id': 43109618, 'entry_timestamp': '2016-10-13T13:20:02.418', 'not_before': '2016-10-13T00:00:00', 'not_after': '2017-10-10T23:59:59', 'serial_number': '39532339909e5d000e4674bceafb19b6', 'result_count': 2}, {'issuer_ca_id': 1416, 'issuer_name': 'C=US, O=GeoTrust Inc., CN=GeoTrust EV SSL CA - G4', 'common_name': 'www.alimentacion.alcampo.es', 'name_value': 'www.alimentacion.alcampo.es', 'id': 41469327, 'entry_timestamp': '2016-10-10T16:05:03.771',"
alimentacion alcampo,2024-01-24 17:34:41,DNS_TEXT,sfp_dnsraw,alcampo.es,0,_globalsign-domain-verification=zB31GMhR9nIJvr8jz3NfOWcUMf0rQ_bS7My4I5VWd_
alimentacion alcampo,2024-01-24 17:34:48,AFFILIATE_EMAILADDR,sfp_email,"{'asn': 12541, 'name': 'EBC_Inner_AS', 'description_short': 'Evolutio Business Connectivity Autonomous System', 'description_full': ['Evolutio Business Connectivity Autonomous System'], 'country_code': 'ES', 'website': 'https://www.evolutio.com', 'email_contacts': ['abuse@evolutio.com', 'adminripe@evolutio.com', 'it.infraestructure.spain@evolutio.com', 'tomas.pellicer@evolutio.com', 'raul.mateo@evolutio.com', 'juan.ruiz@evolutio.com', 'julian.delpozo@evolutio.com', 'juancarlos.perez@evolutio.com'], 'abuse_contacts': ['abuse@evolutio.com'], 'looking_glass': None, 'traffic_estimation': None, 'traffic_ratio': 'Not Disclosed', 'owner_address': ['Isabel Colbrand', '6', '28050', 'Madrid', 'SPAIN'], 'rir_allocation': {'rir_name': 'RIPE', 'country_code': 'ES', 'date_allocated': '1999-07-07 00:00:00', 'allocation_status': 'allocated'}, 'iana_assignment': {'assignment_status': 'assigned', 'description': 'Assigned by RIPE NCC', 'whois_server': 'whois.ripe.net', 'date_assigned': None}, 'date_updated': '2024-01-19 06:32:1",0,abuse@evolutio.com
alimentacion alcampo,2024-01-24 17:34:48,AFFILIATE_EMAILADDR,sfp_email,"{'prefix': '212.80.176.0/20', 'ip': '212.80.176.0', 'cidr': 20, 'asns': [{'asn': 12541, 'name': 'EBC_Inner_AS', 'description': 'Evolutio Business Connectivity Autonomous System', 'country_code': 'ES', 'prefix_upstreams': [{'asn': 3320, 'name': 'DTAG', 'description': 'Internet service provider operations', 'country_code': 'DE'}, {'asn': 3257, 'name': 'GTT-BACKBONE', 'description': 'GTT', 'country_code': 'US'}, {'asn': 174, 'name': 'COGENT-174', 'description': 'Cogent Communications', 'country_code': 'US'}]}], 'name': 'ES-EVOLUTIO-19990707', 'description_short': 'EVOLUTIO CLOUD ENABLER S.A. UNIPERSONAL', 'description_full': ['EVOLUTIO CLOUD ENABLER S.A. UNIPERSONAL'], 'email_contacts': ['abuse@evolutio.com', 'bt.igs.secondlevel@bt.com', 'tomas.pellicer@evolutio.com', 'raul.mateo@evolutio.com', 'juan.ruiz@evolutio.com', 'julian.delpozo@evolutio.com'], 'abuse_contacts': ['abuse@evolutio.com'], 'owner_address': ['Isabel Colbrand', '6-8', '28050', 'Madrid', 'SPAIN'], 'country_codes': {'whois_country_code': 'ES', 'r",0,abuse@evolutio.com
alimentacion alcampo,2024-01-24 17:34:46,AFFILIATE_EMAILADDR,sfp_email,"{'asn': 8903, 'name': 'AS8903', 'description_short': 'Evolutio Business Connectivity. Network infrastructure & Peering.', 'description_full': ['Evolutio Business Connectivity. Network infrastructure & Peering.'], 'country_code': 'ES', 'website': 'http://www.evolutio.com', 'email_contacts': ['abuse@evolutio.com', 'adminripe@evolutio.com', 'julian.delpozo@evolutio.com', 'juan.ruiz@evolutio.com', 'tomas.pellicer@evolutio.com', 'raul.mateo@evolutio.com', 'juancarlos.perez@evolutio.com'], 'abuse_contacts': ['abuse@evolutio.com'], 'looking_glass': None, 'traffic_estimation': None, 'traffic_ratio': 'Balanced', 'owner_address': ['Isabel Colbrand', '6', '28050', 'Madrid', 'SPAIN'], 'rir_allocation': {'rir_name': 'RIPE', 'country_code': 'ES', 'date_allocated': '1998-07-24 00:00:00', 'allocation_status': 'allocated'}, 'iana_assignment': {'assignment_status': 'assigned', 'description': 'Assigned by RIPE NCC', 'whois_server': 'whois.ripe.net', 'date_assigned': None}, 'date_updated': '2024-01-23 05:48:27'}",0,abuse@evolutio.com
alimentacion alcampo,2024-01-24 17:34:48,AFFILIATE_EMAILADDR,sfp_email,"{'asn': 12462, 'name': 'ECE-MAD-DATA', 'description_short': 'Evolutio_Cloud_Enabler_Madrid_Datacenter', 'description_full': ['Evolutio_Cloud_Enabler_Madrid_Datacenter'], 'country_code': 'ES', 'website': None, 'email_contacts': ['abuse@evolutio.com', 'raul.hernandez@evolutio.com', 'jesus.sanchez@evolutio.com', 'raul.izquierdodiaz@evolutio.com'], 'abuse_contacts': ['abuse@evolutio.com'], 'looking_glass': None, 'traffic_estimation': None, 'traffic_ratio': None, 'owner_address': ['Isabel Colbrand', '6-8', '28050', 'Madrid', 'SPAIN'], 'rir_allocation': {'rir_name': 'RIPE', 'country_code': 'ES', 'date_allocated': '1999-06-01 00:00:00', 'allocation_status': 'allocated'}, 'iana_assignment': {'assignment_status': 'assigned', 'description': 'Assigned by RIPE NCC', 'whois_server': 'whois.ripe.net', 'date_assigned': None}, 'date_updated': '2024-01-15 04:26:52'}",0,abuse@evolutio.com
alimentacion alcampo,2024-01-24 17:34:49,AFFILIATE_EMAILADDR,sfp_email,"{'prefix': '212.80.160.0/19', 'ip': '212.80.160.0', 'cidr': 19, 'asns': [{'asn': 12462, 'name': 'ECE-MAD-DATA', 'description': 'Evolutio_Cloud_Enabler_Madrid_Datacenter', 'country_code': 'ES', 'prefix_upstreams': [{'asn': 12541, 'name': 'EBC_Inner_AS', 'description': 'Evolutio Business Connectivity Autonomous System', 'country_code': 'ES'}]}], 'name': 'ES-EVOLUTIO-19990707', 'description_short': 'EVOLUTIO CLOUD ENABLER S.A. UNIPERSONAL', 'description_full': ['EVOLUTIO CLOUD ENABLER S.A. UNIPERSONAL'], 'email_contacts': ['abuse@evolutio.com', 'bt.igs.secondlevel@bt.com', 'tomas.pellicer@evolutio.com', 'raul.mateo@evolutio.com', 'juan.ruiz@evolutio.com', 'julian.delpozo@evolutio.com'], 'abuse_contacts': ['abuse@evolutio.com'], 'owner_address': ['Isabel Colbrand', '6-8', '28050', 'Madrid', 'SPAIN'], 'country_codes': {'whois_country_code': 'ES', 'rir_allocation_country_code': None, 'maxmind_country_code': None}, 'rir_allocation': {'rir_name': 'RIPE', 'country_code': None, 'ip': '212.80.160.0', 'cidr': 19, 'prefix",0,abuse@evolutio.com
alimentacion alcampo,2024-01-24 17:34:48,AFFILIATE_EMAILADDR,sfp_email,"{'asn': 12541, 'name': 'EBC_Inner_AS', 'description_short': 'Evolutio Business Connectivity Autonomous System', 'description_full': ['Evolutio Business Connectivity Autonomous System'], 'country_code': 'ES', 'website': 'https://www.evolutio.com', 'email_contacts': ['abuse@evolutio.com', 'adminripe@evolutio.com', 'it.infraestructure.spain@evolutio.com', 'tomas.pellicer@evolutio.com', 'raul.mateo@evolutio.com', 'juan.ruiz@evolutio.com', 'julian.delpozo@evolutio.com', 'juancarlos.perez@evolutio.com'], 'abuse_contacts': ['abuse@evolutio.com'], 'looking_glass': None, 'traffic_estimation': None, 'traffic_ratio': 'Not Disclosed', 'owner_address': ['Isabel Colbrand', '6', '28050', 'Madrid', 'SPAIN'], 'rir_allocation': {'rir_name': 'RIPE', 'country_code': 'ES', 'date_allocated': '1999-07-07 00:00:00', 'allocation_status': 'allocated'}, 'iana_assignment': {'assignment_status': 'assigned', 'description': 'Assigned by RIPE NCC', 'whois_server': 'whois.ripe.net', 'date_assigned': None}, 'date_updated': '2024-01-19 06:32:1",0,adminripe@evolutio.com
alimentacion alcampo,2024-01-24 17:34:46,AFFILIATE_EMAILADDR,sfp_email,"{'asn': 8903, 'name': 'AS8903', 'description_short': 'Evolutio Business Connectivity. Network infrastructure & Peering.', 'description_full': ['Evolutio Business Connectivity. Network infrastructure & Peering.'], 'country_code': 'ES', 'website': 'http://www.evolutio.com', 'email_contacts': ['abuse@evolutio.com', 'adminripe@evolutio.com', 'julian.delpozo@evolutio.com', 'juan.ruiz@evolutio.com', 'tomas.pellicer@evolutio.com', 'raul.mateo@evolutio.com', 'juancarlos.perez@evolutio.com'], 'abuse_contacts': ['abuse@evolutio.com'], 'looking_glass': None, 'traffic_estimation': None, 'traffic_ratio': 'Balanced', 'owner_address': ['Isabel Colbrand', '6', '28050', 'Madrid', 'SPAIN'], 'rir_allocation': {'rir_name': 'RIPE', 'country_code': 'ES', 'date_allocated': '1998-07-24 00:00:00', 'allocation_status': 'allocated'}, 'iana_assignment': {'assignment_status': 'assigned', 'description': 'Assigned by RIPE NCC', 'whois_server': 'whois.ripe.net', 'date_assigned': None}, 'date_updated': '2024-01-23 05:48:27'}",0,adminripe@evolutio.com
alimentacion alcampo,2024-01-24 17:34:12,DOMAIN_NAME_PARENT,sfp_dnsresolve,www.alimentacion.alcampo.es,0,alcampo.es
alimentacion alcampo,2024-01-24 17:34:41,RAW_DNS_RECORDS,sfp_dnsraw,alcampo.es,0,"alcampo.es. 5 IN MX 5 alt1.aspmx.l.google.com.
alcampo.es. 5 IN MX 1 aspmx.l.google.com.
alcampo.es. 5 IN MX 10 alt4.aspmx.l.google.com.
alcampo.es. 5 IN MX 10 alt3.aspmx.l.google.com.
alcampo.es. 5 IN MX 5 alt2.aspmx.l.google.com."
alimentacion alcampo,2024-01-24 17:34:41,RAW_DNS_RECORDS,sfp_dnsraw,alcampo.es,0,"alcampo.es. 5 IN NS esifw1.tsai.es.
alcampo.es. 5 IN NS esifw2.tsai.es."
alimentacion alcampo,2024-01-24 17:34:41,RAW_DNS_RECORDS,sfp_dnsraw,alcampo.es,0,"alcampo.es. 5 IN TXT ""globalsign-domain-verification=-8kpivpbgMACeanB8hk0ansSLujEnFA_i1ukkwKY1Y""
alcampo.es. 5 IN TXT ""_globalsign-domain-verification=zB31GMhR9nIJvr8jz3NfOWcUMf0rQ_bS7My4I5VWd_""
alcampo.es. 5 IN TXT ""Validity-Domain-Verification=YTIDS786dsuhJa0u455""
alcampo.es. 5 IN TXT ""globalsign-domain-verification=29a8d94e50a428b889656bad17b98350""
alcampo.es. 5 IN TXT ""ca3-a50560ab2bf94355ab8c0003134787d1"""
alimentacion alcampo,2024-01-24 17:34:41,PROVIDER_MAIL,sfp_dnsraw,alcampo.es,0,alt1.aspmx.l.google.com
alimentacion alcampo,2024-01-24 17:34:41,AFFILIATE_INTERNET_NAME,sfp_dnsraw,alcampo.es,0,alt1.aspmx.l.google.com
alimentacion alcampo,2024-01-24 17:34:41,PROVIDER_MAIL,sfp_dnsraw,alcampo.es,0,alt2.aspmx.l.google.com
alimentacion alcampo,2024-01-24 17:34:41,AFFILIATE_INTERNET_NAME,sfp_dnsraw,alcampo.es,0,alt2.aspmx.l.google.com
alimentacion alcampo,2024-01-24 17:34:41,PROVIDER_MAIL,sfp_dnsraw,alcampo.es,0,alt3.aspmx.l.google.com
alimentacion alcampo,2024-01-24 17:34:41,AFFILIATE_INTERNET_NAME,sfp_dnsraw,alcampo.es,0,alt3.aspmx.l.google.com
alimentacion alcampo,2024-01-24 17:34:41,PROVIDER_MAIL,sfp_dnsraw,alcampo.es,0,alt4.aspmx.l.google.com
alimentacion alcampo,2024-01-24 17:34:41,AFFILIATE_INTERNET_NAME,sfp_dnsraw,alcampo.es,0,alt4.aspmx.l.google.com
alimentacion alcampo,2024-01-24 17:34:41,PROVIDER_MAIL,sfp_dnsraw,alcampo.es,0,aspmx.l.google.com
alimentacion alcampo,2024-01-24 17:34:41,AFFILIATE_INTERNET_NAME,sfp_dnsraw,alcampo.es,0,aspmx.l.google.com
alimentacion alcampo,2024-01-24 17:34:48,AFFILIATE_EMAILADDR,sfp_email,"{'prefix': '212.80.176.0/20', 'ip': '212.80.176.0', 'cidr': 20, 'asns': [{'asn': 12541, 'name': 'EBC_Inner_AS', 'description': 'Evolutio Business Connectivity Autonomous System', 'country_code': 'ES', 'prefix_upstreams': [{'asn': 3320, 'name': 'DTAG', 'description': 'Internet service provider operations', 'country_code': 'DE'}, {'asn': 3257, 'name': 'GTT-BACKBONE', 'description': 'GTT', 'country_code': 'US'}, {'asn': 174, 'name': 'COGENT-174', 'description': 'Cogent Communications', 'country_code': 'US'}]}], 'name': 'ES-EVOLUTIO-19990707', 'description_short': 'EVOLUTIO CLOUD ENABLER S.A. UNIPERSONAL', 'description_full': ['EVOLUTIO CLOUD ENABLER S.A. UNIPERSONAL'], 'email_contacts': ['abuse@evolutio.com', 'bt.igs.secondlevel@bt.com', 'tomas.pellicer@evolutio.com', 'raul.mateo@evolutio.com', 'juan.ruiz@evolutio.com', 'julian.delpozo@evolutio.com'], 'abuse_contacts': ['abuse@evolutio.com'], 'owner_address': ['Isabel Colbrand', '6-8', '28050', 'Madrid', 'SPAIN'], 'country_codes': {'whois_country_code': 'ES', 'r",0,bt.igs.secondlevel@bt.com
alimentacion alcampo,2024-01-24 17:34:49,AFFILIATE_EMAILADDR,sfp_email,"{'prefix': '212.80.160.0/19', 'ip': '212.80.160.0', 'cidr': 19, 'asns': [{'asn': 12462, 'name': 'ECE-MAD-DATA', 'description': 'Evolutio_Cloud_Enabler_Madrid_Datacenter', 'country_code': 'ES', 'prefix_upstreams': [{'asn': 12541, 'name': 'EBC_Inner_AS', 'description': 'Evolutio Business Connectivity Autonomous System', 'country_code': 'ES'}]}], 'name': 'ES-EVOLUTIO-19990707', 'description_short': 'EVOLUTIO CLOUD ENABLER S.A. UNIPERSONAL', 'description_full': ['EVOLUTIO CLOUD ENABLER S.A. UNIPERSONAL'], 'email_contacts': ['abuse@evolutio.com', 'bt.igs.secondlevel@bt.com', 'tomas.pellicer@evolutio.com', 'raul.mateo@evolutio.com', 'juan.ruiz@evolutio.com', 'julian.delpozo@evolutio.com'], 'abuse_contacts': ['abuse@evolutio.com'], 'owner_address': ['Isabel Colbrand', '6-8', '28050', 'Madrid', 'SPAIN'], 'country_codes': {'whois_country_code': 'ES', 'rir_allocation_country_code': None, 'maxmind_country_code': None}, 'rir_allocation': {'rir_name': 'RIPE', 'country_code': None, 'ip': '212.80.160.0', 'cidr': 19, 'prefix",0,bt.igs.secondlevel@bt.com
alimentacion alcampo,2024-01-24 17:34:41,DNS_TEXT,sfp_dnsraw,alcampo.es,0,ca3-a50560ab2bf94355ab8c0003134787d1
alimentacion alcampo,2024-01-24 17:36:02,AFFILIATE_INTERNET_NAME,sfp_dnsresolve,142.250.153.27,0,ea-in-f27.1e100.net
alimentacion alcampo,2024-01-24 17:36:02,AFFILIATE_INTERNET_NAME,sfp_dnsresolve,213.0.43.37,0,edns01.es.tdatacenter.com
alimentacion alcampo,2024-01-24 17:34:41,PROVIDER_DNS,sfp_dnsraw,alcampo.es,0,esifw1.tsai.es
alimentacion alcampo,2024-01-24 17:34:41,AFFILIATE_INTERNET_NAME,sfp_dnsraw,alcampo.es,0,esifw1.tsai.es
alimentacion alcampo,2024-01-24 17:34:41,PROVIDER_DNS,sfp_dnsraw,alcampo.es,0,esifw2.tsai.es
alimentacion alcampo,2024-01-24 17:34:41,AFFILIATE_INTERNET_NAME,sfp_dnsraw,alcampo.es,0,esifw2.tsai.es
alimentacion alcampo,2024-01-24 17:34:41,DNS_TEXT,sfp_dnsraw,alcampo.es,0,globalsign-domain-verification=-8kpivpbgMACeanB8hk0ansSLujEnFA_i1ukkwKY1Y
alimentacion alcampo,2024-01-24 17:34:41,DNS_TEXT,sfp_dnsraw,alcampo.es,0,globalsign-domain-verification=29a8d94e50a428b889656bad17b98350
alimentacion alcampo,2024-01-24 17:35:20,AFFILIATE_DOMAIN_NAME,sfp_dnsresolve,alt1.aspmx.l.google.com,0,google.com
alimentacion alcampo,2024-01-24 17:35:41,AFFILIATE_DOMAIN_NAME,sfp_dnsresolve,aspmx.l.google.com,0,google.com
alimentacion alcampo,2024-01-24 17:35:51,AFFILIATE_DOMAIN_NAME,sfp_dnsresolve,alt2.aspmx.l.google.com,0,google.com
alimentacion alcampo,2024-01-24 17:34:59,AFFILIATE_DOMAIN_NAME,sfp_dnsresolve,alt3.aspmx.l.google.com,0,google.com
alimentacion alcampo,2024-01-24 17:34:49,AFFILIATE_DOMAIN_NAME,sfp_dnsresolve,alt4.aspmx.l.google.com,0,google.com
alimentacion alcampo,2024-01-24 17:34:59,AFFILIATE_DOMAIN_NAME,sfp_dnsresolve,alt4.aspmx.l.google.com,0,google.com
alimentacion alcampo,2024-01-24 17:34:48,AFFILIATE_EMAILADDR,sfp_email,"{'asn': 12541, 'name': 'EBC_Inner_AS', 'description_short': 'Evolutio Business Connectivity Autonomous System', 'description_full': ['Evolutio Business Connectivity Autonomous System'], 'country_code': 'ES', 'website': 'https://www.evolutio.com', 'email_contacts': ['abuse@evolutio.com', 'adminripe@evolutio.com', 'it.infraestructure.spain@evolutio.com', 'tomas.pellicer@evolutio.com', 'raul.mateo@evolutio.com', 'juan.ruiz@evolutio.com', 'julian.delpozo@evolutio.com', 'juancarlos.perez@evolutio.com'], 'abuse_contacts': ['abuse@evolutio.com'], 'looking_glass': None, 'traffic_estimation': None, 'traffic_ratio': 'Not Disclosed', 'owner_address': ['Isabel Colbrand', '6', '28050', 'Madrid', 'SPAIN'], 'rir_allocation': {'rir_name': 'RIPE', 'country_code': 'ES', 'date_allocated': '1999-07-07 00:00:00', 'allocation_status': 'allocated'}, 'iana_assignment': {'assignment_status': 'assigned', 'description': 'Assigned by RIPE NCC', 'whois_server': 'whois.ripe.net', 'date_assigned': None}, 'date_updated': '2024-01-19 06:32:1",0,it.infraestructure.spain@evolutio.com
alimentacion alcampo,2024-01-24 17:34:49,AFFILIATE_EMAILADDR,sfp_email,"{'asn': 12462, 'name': 'ECE-MAD-DATA', 'description_short': 'Evolutio_Cloud_Enabler_Madrid_Datacenter', 'description_full': ['Evolutio_Cloud_Enabler_Madrid_Datacenter'], 'country_code': 'ES', 'website': None, 'email_contacts': ['abuse@evolutio.com', 'raul.hernandez@evolutio.com', 'jesus.sanchez@evolutio.com', 'raul.izquierdodiaz@evolutio.com'], 'abuse_contacts': ['abuse@evolutio.com'], 'looking_glass': None, 'traffic_estimation': None, 'traffic_ratio': None, 'owner_address': ['Isabel Colbrand', '6-8', '28050', 'Madrid', 'SPAIN'], 'rir_allocation': {'rir_name': 'RIPE', 'country_code': 'ES', 'date_allocated': '1999-06-01 00:00:00', 'allocation_status': 'allocated'}, 'iana_assignment': {'assignment_status': 'assigned', 'description': 'Assigned by RIPE NCC', 'whois_server': 'whois.ripe.net', 'date_assigned': None}, 'date_updated': '2024-01-15 04:26:52'}",0,jesus.sanchez@evolutio.com
alimentacion alcampo,2024-01-24 17:34:48,AFFILIATE_EMAILADDR,sfp_email,"{'asn': 12541, 'name': 'EBC_Inner_AS', 'description_short': 'Evolutio Business Connectivity Autonomous System', 'description_full': ['Evolutio Business Connectivity Autonomous System'], 'country_code': 'ES', 'website': 'https://www.evolutio.com', 'email_contacts': ['abuse@evolutio.com', 'adminripe@evolutio.com', 'it.infraestructure.spain@evolutio.com', 'tomas.pellicer@evolutio.com', 'raul.mateo@evolutio.com', 'juan.ruiz@evolutio.com', 'julian.delpozo@evolutio.com', 'juancarlos.perez@evolutio.com'], 'abuse_contacts': ['abuse@evolutio.com'], 'looking_glass': None, 'traffic_estimation': None, 'traffic_ratio': 'Not Disclosed', 'owner_address': ['Isabel Colbrand', '6', '28050', 'Madrid', 'SPAIN'], 'rir_allocation': {'rir_name': 'RIPE', 'country_code': 'ES', 'date_allocated': '1999-07-07 00:00:00', 'allocation_status': 'allocated'}, 'iana_assignment': {'assignment_status': 'assigned', 'description': 'Assigned by RIPE NCC', 'whois_server': 'whois.ripe.net', 'date_assigned': None}, 'date_updated': '2024-01-19 06:32:1",0,juan.ruiz@evolutio.com
alimentacion alcampo,2024-01-24 17:34:48,AFFILIATE_EMAILADDR,sfp_email,"{'prefix': '212.80.176.0/20', 'ip': '212.80.176.0', 'cidr': 20, 'asns': [{'asn': 12541, 'name': 'EBC_Inner_AS', 'description': 'Evolutio Business Connectivity Autonomous System', 'country_code': 'ES', 'prefix_upstreams': [{'asn': 3320, 'name': 'DTAG', 'description': 'Internet service provider operations', 'country_code': 'DE'}, {'asn': 3257, 'name': 'GTT-BACKBONE', 'description': 'GTT', 'country_code': 'US'}, {'asn': 174, 'name': 'COGENT-174', 'description': 'Cogent Communications', 'country_code': 'US'}]}], 'name': 'ES-EVOLUTIO-19990707', 'description_short': 'EVOLUTIO CLOUD ENABLER S.A. UNIPERSONAL', 'description_full': ['EVOLUTIO CLOUD ENABLER S.A. UNIPERSONAL'], 'email_contacts': ['abuse@evolutio.com', 'bt.igs.secondlevel@bt.com', 'tomas.pellicer@evolutio.com', 'raul.mateo@evolutio.com', 'juan.ruiz@evolutio.com', 'julian.delpozo@evolutio.com'], 'abuse_contacts': ['abuse@evolutio.com'], 'owner_address': ['Isabel Colbrand', '6-8', '28050', 'Madrid', 'SPAIN'], 'country_codes': {'whois_country_code': 'ES', 'r",0,juan.ruiz@evolutio.com
alimentacion alcampo,2024-01-24 17:34:46,AFFILIATE_EMAILADDR,sfp_email,"{'asn': 8903, 'name': 'AS8903', 'description_short': 'Evolutio Business Connectivity. Network infrastructure & Peering.', 'description_full': ['Evolutio Business Connectivity. Network infrastructure & Peering.'], 'country_code': 'ES', 'website': 'http://www.evolutio.com', 'email_contacts': ['abuse@evolutio.com', 'adminripe@evolutio.com', 'julian.delpozo@evolutio.com', 'juan.ruiz@evolutio.com', 'tomas.pellicer@evolutio.com', 'raul.mateo@evolutio.com', 'juancarlos.perez@evolutio.com'], 'abuse_contacts': ['abuse@evolutio.com'], 'looking_glass': None, 'traffic_estimation': None, 'traffic_ratio': 'Balanced', 'owner_address': ['Isabel Colbrand', '6', '28050', 'Madrid', 'SPAIN'], 'rir_allocation': {'rir_name': 'RIPE', 'country_code': 'ES', 'date_allocated': '1998-07-24 00:00:00', 'allocation_status': 'allocated'}, 'iana_assignment': {'assignment_status': 'assigned', 'description': 'Assigned by RIPE NCC', 'whois_server': 'whois.ripe.net', 'date_assigned': None}, 'date_updated': '2024-01-23 05:48:27'}",0,juan.ruiz@evolutio.com
alimentacion alcampo,2024-01-24 17:34:49,AFFILIATE_EMAILADDR,sfp_email,"{'prefix': '212.80.160.0/19', 'ip': '212.80.160.0', 'cidr': 19, 'asns': [{'asn': 12462, 'name': 'ECE-MAD-DATA', 'description': 'Evolutio_Cloud_Enabler_Madrid_Datacenter', 'country_code': 'ES', 'prefix_upstreams': [{'asn': 12541, 'name': 'EBC_Inner_AS', 'description': 'Evolutio Business Connectivity Autonomous System', 'country_code': 'ES'}]}], 'name': 'ES-EVOLUTIO-19990707', 'description_short': 'EVOLUTIO CLOUD ENABLER S.A. UNIPERSONAL', 'description_full': ['EVOLUTIO CLOUD ENABLER S.A. UNIPERSONAL'], 'email_contacts': ['abuse@evolutio.com', 'bt.igs.secondlevel@bt.com', 'tomas.pellicer@evolutio.com', 'raul.mateo@evolutio.com', 'juan.ruiz@evolutio.com', 'julian.delpozo@evolutio.com'], 'abuse_contacts': ['abuse@evolutio.com'], 'owner_address': ['Isabel Colbrand', '6-8', '28050', 'Madrid', 'SPAIN'], 'country_codes': {'whois_country_code': 'ES', 'rir_allocation_country_code': None, 'maxmind_country_code': None}, 'rir_allocation': {'rir_name': 'RIPE', 'country_code': None, 'ip': '212.80.160.0', 'cidr': 19, 'prefix",0,juan.ruiz@evolutio.com
alimentacion alcampo,2024-01-24 17:34:48,AFFILIATE_EMAILADDR,sfp_email,"{'asn': 12541, 'name': 'EBC_Inner_AS', 'description_short': 'Evolutio Business Connectivity Autonomous System', 'description_full': ['Evolutio Business Connectivity Autonomous System'], 'country_code': 'ES', 'website': 'https://www.evolutio.com', 'email_contacts': ['abuse@evolutio.com', 'adminripe@evolutio.com', 'it.infraestructure.spain@evolutio.com', 'tomas.pellicer@evolutio.com', 'raul.mateo@evolutio.com', 'juan.ruiz@evolutio.com', 'julian.delpozo@evolutio.com', 'juancarlos.perez@evolutio.com'], 'abuse_contacts': ['abuse@evolutio.com'], 'looking_glass': None, 'traffic_estimation': None, 'traffic_ratio': 'Not Disclosed', 'owner_address': ['Isabel Colbrand', '6', '28050', 'Madrid', 'SPAIN'], 'rir_allocation': {'rir_name': 'RIPE', 'country_code': 'ES', 'date_allocated': '1999-07-07 00:00:00', 'allocation_status': 'allocated'}, 'iana_assignment': {'assignment_status': 'assigned', 'description': 'Assigned by RIPE NCC', 'whois_server': 'whois.ripe.net', 'date_assigned': None}, 'date_updated': '2024-01-19 06:32:1",0,juancarlos.perez@evolutio.com
alimentacion alcampo,2024-01-24 17:34:46,AFFILIATE_EMAILADDR,sfp_email,"{'asn': 8903, 'name': 'AS8903', 'description_short': 'Evolutio Business Connectivity. Network infrastructure & Peering.', 'description_full': ['Evolutio Business Connectivity. Network infrastructure & Peering.'], 'country_code': 'ES', 'website': 'http://www.evolutio.com', 'email_contacts': ['abuse@evolutio.com', 'adminripe@evolutio.com', 'julian.delpozo@evolutio.com', 'juan.ruiz@evolutio.com', 'tomas.pellicer@evolutio.com', 'raul.mateo@evolutio.com', 'juancarlos.perez@evolutio.com'], 'abuse_contacts': ['abuse@evolutio.com'], 'looking_glass': None, 'traffic_estimation': None, 'traffic_ratio': 'Balanced', 'owner_address': ['Isabel Colbrand', '6', '28050', 'Madrid', 'SPAIN'], 'rir_allocation': {'rir_name': 'RIPE', 'country_code': 'ES', 'date_allocated': '1998-07-24 00:00:00', 'allocation_status': 'allocated'}, 'iana_assignment': {'assignment_status': 'assigned', 'description': 'Assigned by RIPE NCC', 'whois_server': 'whois.ripe.net', 'date_assigned': None}, 'date_updated': '2024-01-23 05:48:27'}",0,juancarlos.perez@evolutio.com
alimentacion alcampo,2024-01-24 17:34:48,AFFILIATE_EMAILADDR,sfp_email,"{'asn': 12541, 'name': 'EBC_Inner_AS', 'description_short': 'Evolutio Business Connectivity Autonomous System', 'description_full': ['Evolutio Business Connectivity Autonomous System'], 'country_code': 'ES', 'website': 'https://www.evolutio.com', 'email_contacts': ['abuse@evolutio.com', 'adminripe@evolutio.com', 'it.infraestructure.spain@evolutio.com', 'tomas.pellicer@evolutio.com', 'raul.mateo@evolutio.com', 'juan.ruiz@evolutio.com', 'julian.delpozo@evolutio.com', 'juancarlos.perez@evolutio.com'], 'abuse_contacts': ['abuse@evolutio.com'], 'looking_glass': None, 'traffic_estimation': None, 'traffic_ratio': 'Not Disclosed', 'owner_address': ['Isabel Colbrand', '6', '28050', 'Madrid', 'SPAIN'], 'rir_allocation': {'rir_name': 'RIPE', 'country_code': 'ES', 'date_allocated': '1999-07-07 00:00:00', 'allocation_status': 'allocated'}, 'iana_assignment': {'assignment_status': 'assigned', 'description': 'Assigned by RIPE NCC', 'whois_server': 'whois.ripe.net', 'date_assigned': None}, 'date_updated': '2024-01-19 06:32:1",0,julian.delpozo@evolutio.com
alimentacion alcampo,2024-01-24 17:34:48,AFFILIATE_EMAILADDR,sfp_email,"{'prefix': '212.80.176.0/20', 'ip': '212.80.176.0', 'cidr': 20, 'asns': [{'asn': 12541, 'name': 'EBC_Inner_AS', 'description': 'Evolutio Business Connectivity Autonomous System', 'country_code': 'ES', 'prefix_upstreams': [{'asn': 3320, 'name': 'DTAG', 'description': 'Internet service provider operations', 'country_code': 'DE'}, {'asn': 3257, 'name': 'GTT-BACKBONE', 'description': 'GTT', 'country_code': 'US'}, {'asn': 174, 'name': 'COGENT-174', 'description': 'Cogent Communications', 'country_code': 'US'}]}], 'name': 'ES-EVOLUTIO-19990707', 'description_short': 'EVOLUTIO CLOUD ENABLER S.A. UNIPERSONAL', 'description_full': ['EVOLUTIO CLOUD ENABLER S.A. UNIPERSONAL'], 'email_contacts': ['abuse@evolutio.com', 'bt.igs.secondlevel@bt.com', 'tomas.pellicer@evolutio.com', 'raul.mateo@evolutio.com', 'juan.ruiz@evolutio.com', 'julian.delpozo@evolutio.com'], 'abuse_contacts': ['abuse@evolutio.com'], 'owner_address': ['Isabel Colbrand', '6-8', '28050', 'Madrid', 'SPAIN'], 'country_codes': {'whois_country_code': 'ES', 'r",0,julian.delpozo@evolutio.com
alimentacion alcampo,2024-01-24 17:34:46,AFFILIATE_EMAILADDR,sfp_email,"{'asn': 8903, 'name': 'AS8903', 'description_short': 'Evolutio Business Connectivity. Network infrastructure & Peering.', 'description_full': ['Evolutio Business Connectivity. Network infrastructure & Peering.'], 'country_code': 'ES', 'website': 'http://www.evolutio.com', 'email_contacts': ['abuse@evolutio.com', 'adminripe@evolutio.com', 'julian.delpozo@evolutio.com', 'juan.ruiz@evolutio.com', 'tomas.pellicer@evolutio.com', 'raul.mateo@evolutio.com', 'juancarlos.perez@evolutio.com'], 'abuse_contacts': ['abuse@evolutio.com'], 'looking_glass': None, 'traffic_estimation': None, 'traffic_ratio': 'Balanced', 'owner_address': ['Isabel Colbrand', '6', '28050', 'Madrid', 'SPAIN'], 'rir_allocation': {'rir_name': 'RIPE', 'country_code': 'ES', 'date_allocated': '1998-07-24 00:00:00', 'allocation_status': 'allocated'}, 'iana_assignment': {'assignment_status': 'assigned', 'description': 'Assigned by RIPE NCC', 'whois_server': 'whois.ripe.net', 'date_assigned': None}, 'date_updated': '2024-01-23 05:48:27'}",0,julian.delpozo@evolutio.com
alimentacion alcampo,2024-01-24 17:34:49,AFFILIATE_EMAILADDR,sfp_email,"{'prefix': '212.80.160.0/19', 'ip': '212.80.160.0', 'cidr': 19, 'asns': [{'asn': 12462, 'name': 'ECE-MAD-DATA', 'description': 'Evolutio_Cloud_Enabler_Madrid_Datacenter', 'country_code': 'ES', 'prefix_upstreams': [{'asn': 12541, 'name': 'EBC_Inner_AS', 'description': 'Evolutio Business Connectivity Autonomous System', 'country_code': 'ES'}]}], 'name': 'ES-EVOLUTIO-19990707', 'description_short': 'EVOLUTIO CLOUD ENABLER S.A. UNIPERSONAL', 'description_full': ['EVOLUTIO CLOUD ENABLER S.A. UNIPERSONAL'], 'email_contacts': ['abuse@evolutio.com', 'bt.igs.secondlevel@bt.com', 'tomas.pellicer@evolutio.com', 'raul.mateo@evolutio.com', 'juan.ruiz@evolutio.com', 'julian.delpozo@evolutio.com'], 'abuse_contacts': ['abuse@evolutio.com'], 'owner_address': ['Isabel Colbrand', '6-8', '28050', 'Madrid', 'SPAIN'], 'country_codes': {'whois_country_code': 'ES', 'rir_allocation_country_code': None, 'maxmind_country_code': None}, 'rir_allocation': {'rir_name': 'RIPE', 'country_code': None, 'ip': '212.80.160.0', 'cidr': 19, 'prefix",0,julian.delpozo@evolutio.com
alimentacion alcampo,2024-01-24 17:36:01,AFFILIATE_INTERNET_NAME,sfp_dnsresolve,142.250.150.26,0,la-in-f26.1e100.net
alimentacion alcampo,2024-01-24 17:36:01,AFFILIATE_INTERNET_NAME,sfp_dnsresolve,213.4.194.5,0,ns2.telefonica-data.com
alimentacion alcampo,2024-01-24 17:34:49,AFFILIATE_EMAILADDR,sfp_email,"{'asn': 12462, 'name': 'ECE-MAD-DATA', 'description_short': 'Evolutio_Cloud_Enabler_Madrid_Datacenter', 'description_full': ['Evolutio_Cloud_Enabler_Madrid_Datacenter'], 'country_code': 'ES', 'website': None, 'email_contacts': ['abuse@evolutio.com', 'raul.hernandez@evolutio.com', 'jesus.sanchez@evolutio.com', 'raul.izquierdodiaz@evolutio.com'], 'abuse_contacts': ['abuse@evolutio.com'], 'looking_glass': None, 'traffic_estimation': None, 'traffic_ratio': None, 'owner_address': ['Isabel Colbrand', '6-8', '28050', 'Madrid', 'SPAIN'], 'rir_allocation': {'rir_name': 'RIPE', 'country_code': 'ES', 'date_allocated': '1999-06-01 00:00:00', 'allocation_status': 'allocated'}, 'iana_assignment': {'assignment_status': 'assigned', 'description': 'Assigned by RIPE NCC', 'whois_server': 'whois.ripe.net', 'date_assigned': None}, 'date_updated': '2024-01-15 04:26:52'}",0,raul.hernandez@evolutio.com
alimentacion alcampo,2024-01-24 17:34:49,AFFILIATE_EMAILADDR,sfp_email,"{'asn': 12462, 'name': 'ECE-MAD-DATA', 'description_short': 'Evolutio_Cloud_Enabler_Madrid_Datacenter', 'description_full': ['Evolutio_Cloud_Enabler_Madrid_Datacenter'], 'country_code': 'ES', 'website': None, 'email_contacts': ['abuse@evolutio.com', 'raul.hernandez@evolutio.com', 'jesus.sanchez@evolutio.com', 'raul.izquierdodiaz@evolutio.com'], 'abuse_contacts': ['abuse@evolutio.com'], 'looking_glass': None, 'traffic_estimation': None, 'traffic_ratio': None, 'owner_address': ['Isabel Colbrand', '6-8', '28050', 'Madrid', 'SPAIN'], 'rir_allocation': {'rir_name': 'RIPE', 'country_code': 'ES', 'date_allocated': '1999-06-01 00:00:00', 'allocation_status': 'allocated'}, 'iana_assignment': {'assignment_status': 'assigned', 'description': 'Assigned by RIPE NCC', 'whois_server': 'whois.ripe.net', 'date_assigned': None}, 'date_updated': '2024-01-15 04:26:52'}",0,raul.izquierdodiaz@evolutio.com
alimentacion alcampo,2024-01-24 17:34:48,AFFILIATE_EMAILADDR,sfp_email,"{'asn': 12541, 'name': 'EBC_Inner_AS', 'description_short': 'Evolutio Business Connectivity Autonomous System', 'description_full': ['Evolutio Business Connectivity Autonomous System'], 'country_code': 'ES', 'website': 'https://www.evolutio.com', 'email_contacts': ['abuse@evolutio.com', 'adminripe@evolutio.com', 'it.infraestructure.spain@evolutio.com', 'tomas.pellicer@evolutio.com', 'raul.mateo@evolutio.com', 'juan.ruiz@evolutio.com', 'julian.delpozo@evolutio.com', 'juancarlos.perez@evolutio.com'], 'abuse_contacts': ['abuse@evolutio.com'], 'looking_glass': None, 'traffic_estimation': None, 'traffic_ratio': 'Not Disclosed', 'owner_address': ['Isabel Colbrand', '6', '28050', 'Madrid', 'SPAIN'], 'rir_allocation': {'rir_name': 'RIPE', 'country_code': 'ES', 'date_allocated': '1999-07-07 00:00:00', 'allocation_status': 'allocated'}, 'iana_assignment': {'assignment_status': 'assigned', 'description': 'Assigned by RIPE NCC', 'whois_server': 'whois.ripe.net', 'date_assigned': None}, 'date_updated': '2024-01-19 06:32:1",0,raul.mateo@evolutio.com
alimentacion alcampo,2024-01-24 17:34:48,AFFILIATE_EMAILADDR,sfp_email,"{'prefix': '212.80.176.0/20', 'ip': '212.80.176.0', 'cidr': 20, 'asns': [{'asn': 12541, 'name': 'EBC_Inner_AS', 'description': 'Evolutio Business Connectivity Autonomous System', 'country_code': 'ES', 'prefix_upstreams': [{'asn': 3320, 'name': 'DTAG', 'description': 'Internet service provider operations', 'country_code': 'DE'}, {'asn': 3257, 'name': 'GTT-BACKBONE', 'description': 'GTT', 'country_code': 'US'}, {'asn': 174, 'name': 'COGENT-174', 'description': 'Cogent Communications', 'country_code': 'US'}]}], 'name': 'ES-EVOLUTIO-19990707', 'description_short': 'EVOLUTIO CLOUD ENABLER S.A. UNIPERSONAL', 'description_full': ['EVOLUTIO CLOUD ENABLER S.A. UNIPERSONAL'], 'email_contacts': ['abuse@evolutio.com', 'bt.igs.secondlevel@bt.com', 'tomas.pellicer@evolutio.com', 'raul.mateo@evolutio.com', 'juan.ruiz@evolutio.com', 'julian.delpozo@evolutio.com'], 'abuse_contacts': ['abuse@evolutio.com'], 'owner_address': ['Isabel Colbrand', '6-8', '28050', 'Madrid', 'SPAIN'], 'country_codes': {'whois_country_code': 'ES', 'r",0,raul.mateo@evolutio.com
alimentacion alcampo,2024-01-24 17:34:46,AFFILIATE_EMAILADDR,sfp_email,"{'asn': 8903, 'name': 'AS8903', 'description_short': 'Evolutio Business Connectivity. Network infrastructure & Peering.', 'description_full': ['Evolutio Business Connectivity. Network infrastructure & Peering.'], 'country_code': 'ES', 'website': 'http://www.evolutio.com', 'email_contacts': ['abuse@evolutio.com', 'adminripe@evolutio.com', 'julian.delpozo@evolutio.com', 'juan.ruiz@evolutio.com', 'tomas.pellicer@evolutio.com', 'raul.mateo@evolutio.com', 'juancarlos.perez@evolutio.com'], 'abuse_contacts': ['abuse@evolutio.com'], 'looking_glass': None, 'traffic_estimation': None, 'traffic_ratio': 'Balanced', 'owner_address': ['Isabel Colbrand', '6', '28050', 'Madrid', 'SPAIN'], 'rir_allocation': {'rir_name': 'RIPE', 'country_code': 'ES', 'date_allocated': '1998-07-24 00:00:00', 'allocation_status': 'allocated'}, 'iana_assignment': {'assignment_status': 'assigned', 'description': 'Assigned by RIPE NCC', 'whois_server': 'whois.ripe.net', 'date_assigned': None}, 'date_updated': '2024-01-23 05:48:27'}",0,raul.mateo@evolutio.com
alimentacion alcampo,2024-01-24 17:34:49,AFFILIATE_EMAILADDR,sfp_email,"{'prefix': '212.80.160.0/19', 'ip': '212.80.160.0', 'cidr': 19, 'asns': [{'asn': 12462, 'name': 'ECE-MAD-DATA', 'description': 'Evolutio_Cloud_Enabler_Madrid_Datacenter', 'country_code': 'ES', 'prefix_upstreams': [{'asn': 12541, 'name': 'EBC_Inner_AS', 'description': 'Evolutio Business Connectivity Autonomous System', 'country_code': 'ES'}]}], 'name': 'ES-EVOLUTIO-19990707', 'description_short': 'EVOLUTIO CLOUD ENABLER S.A. UNIPERSONAL', 'description_full': ['EVOLUTIO CLOUD ENABLER S.A. UNIPERSONAL'], 'email_contacts': ['abuse@evolutio.com', 'bt.igs.secondlevel@bt.com', 'tomas.pellicer@evolutio.com', 'raul.mateo@evolutio.com', 'juan.ruiz@evolutio.com', 'julian.delpozo@evolutio.com'], 'abuse_contacts': ['abuse@evolutio.com'], 'owner_address': ['Isabel Colbrand', '6-8', '28050', 'Madrid', 'SPAIN'], 'country_codes': {'whois_country_code': 'ES', 'rir_allocation_country_code': None, 'maxmind_country_code': None}, 'rir_allocation': {'rir_name': 'RIPE', 'country_code': None, 'ip': '212.80.160.0', 'cidr': 19, 'prefix",0,raul.mateo@evolutio.com
alimentacion alcampo,2024-01-24 17:36:04,AFFILIATE_INTERNET_NAME,sfp_dnsresolve,142.251.9.26,0,rc-in-f26.1e100.net
alimentacion alcampo,2024-01-24 17:36:01,AFFILIATE_INTERNET_NAME,sfp_dnsresolve,74.125.200.26,0,sa-in-f26.1e100.net
alimentacion alcampo,2024-01-24 17:36:02,AFFILIATE_DOMAIN_NAME,sfp_dnsresolve,edns01.es.tdatacenter.com,0,tdatacenter.com
alimentacion alcampo,2024-01-24 17:36:01,AFFILIATE_DOMAIN_NAME,sfp_dnsresolve,ns2.telefonica-data.com,0,telefonica-data.com
alimentacion alcampo,2024-01-24 17:34:48,AFFILIATE_EMAILADDR,sfp_email,"{'asn': 12541, 'name': 'EBC_Inner_AS', 'description_short': 'Evolutio Business Connectivity Autonomous System', 'description_full': ['Evolutio Business Connectivity Autonomous System'], 'country_code': 'ES', 'website': 'https://www.evolutio.com', 'email_contacts': ['abuse@evolutio.com', 'adminripe@evolutio.com', 'it.infraestructure.spain@evolutio.com', 'tomas.pellicer@evolutio.com', 'raul.mateo@evolutio.com', 'juan.ruiz@evolutio.com', 'julian.delpozo@evolutio.com', 'juancarlos.perez@evolutio.com'], 'abuse_contacts': ['abuse@evolutio.com'], 'looking_glass': None, 'traffic_estimation': None, 'traffic_ratio': 'Not Disclosed', 'owner_address': ['Isabel Colbrand', '6', '28050', 'Madrid', 'SPAIN'], 'rir_allocation': {'rir_name': 'RIPE', 'country_code': 'ES', 'date_allocated': '1999-07-07 00:00:00', 'allocation_status': 'allocated'}, 'iana_assignment': {'assignment_status': 'assigned', 'description': 'Assigned by RIPE NCC', 'whois_server': 'whois.ripe.net', 'date_assigned': None}, 'date_updated': '2024-01-19 06:32:1",0,tomas.pellicer@evolutio.com
alimentacion alcampo,2024-01-24 17:34:48,AFFILIATE_EMAILADDR,sfp_email,"{'prefix': '212.80.176.0/20', 'ip': '212.80.176.0', 'cidr': 20, 'asns': [{'asn': 12541, 'name': 'EBC_Inner_AS', 'description': 'Evolutio Business Connectivity Autonomous System', 'country_code': 'ES', 'prefix_upstreams': [{'asn': 3320, 'name': 'DTAG', 'description': 'Internet service provider operations', 'country_code': 'DE'}, {'asn': 3257, 'name': 'GTT-BACKBONE', 'description': 'GTT', 'country_code': 'US'}, {'asn': 174, 'name': 'COGENT-174', 'description': 'Cogent Communications', 'country_code': 'US'}]}], 'name': 'ES-EVOLUTIO-19990707', 'description_short': 'EVOLUTIO CLOUD ENABLER S.A. UNIPERSONAL', 'description_full': ['EVOLUTIO CLOUD ENABLER S.A. UNIPERSONAL'], 'email_contacts': ['abuse@evolutio.com', 'bt.igs.secondlevel@bt.com', 'tomas.pellicer@evolutio.com', 'raul.mateo@evolutio.com', 'juan.ruiz@evolutio.com', 'julian.delpozo@evolutio.com'], 'abuse_contacts': ['abuse@evolutio.com'], 'owner_address': ['Isabel Colbrand', '6-8', '28050', 'Madrid', 'SPAIN'], 'country_codes': {'whois_country_code': 'ES', 'r",0,tomas.pellicer@evolutio.com
alimentacion alcampo,2024-01-24 17:34:46,AFFILIATE_EMAILADDR,sfp_email,"{'asn': 8903, 'name': 'AS8903', 'description_short': 'Evolutio Business Connectivity. Network infrastructure & Peering.', 'description_full': ['Evolutio Business Connectivity. Network infrastructure & Peering.'], 'country_code': 'ES', 'website': 'http://www.evolutio.com', 'email_contacts': ['abuse@evolutio.com', 'adminripe@evolutio.com', 'julian.delpozo@evolutio.com', 'juan.ruiz@evolutio.com', 'tomas.pellicer@evolutio.com', 'raul.mateo@evolutio.com', 'juancarlos.perez@evolutio.com'], 'abuse_contacts': ['abuse@evolutio.com'], 'looking_glass': None, 'traffic_estimation': None, 'traffic_ratio': 'Balanced', 'owner_address': ['Isabel Colbrand', '6', '28050', 'Madrid', 'SPAIN'], 'rir_allocation': {'rir_name': 'RIPE', 'country_code': 'ES', 'date_allocated': '1998-07-24 00:00:00', 'allocation_status': 'allocated'}, 'iana_assignment': {'assignment_status': 'assigned', 'description': 'Assigned by RIPE NCC', 'whois_server': 'whois.ripe.net', 'date_assigned': None}, 'date_updated': '2024-01-23 05:48:27'}",0,tomas.pellicer@evolutio.com
alimentacion alcampo,2024-01-24 17:34:49,AFFILIATE_EMAILADDR,sfp_email,"{'prefix': '212.80.160.0/19', 'ip': '212.80.160.0', 'cidr': 19, 'asns': [{'asn': 12462, 'name': 'ECE-MAD-DATA', 'description': 'Evolutio_Cloud_Enabler_Madrid_Datacenter', 'country_code': 'ES', 'prefix_upstreams': [{'asn': 12541, 'name': 'EBC_Inner_AS', 'description': 'Evolutio Business Connectivity Autonomous System', 'country_code': 'ES'}]}], 'name': 'ES-EVOLUTIO-19990707', 'description_short': 'EVOLUTIO CLOUD ENABLER S.A. UNIPERSONAL', 'description_full': ['EVOLUTIO CLOUD ENABLER S.A. UNIPERSONAL'], 'email_contacts': ['abuse@evolutio.com', 'bt.igs.secondlevel@bt.com', 'tomas.pellicer@evolutio.com', 'raul.mateo@evolutio.com', 'juan.ruiz@evolutio.com', 'julian.delpozo@evolutio.com'], 'abuse_contacts': ['abuse@evolutio.com'], 'owner_address': ['Isabel Colbrand', '6-8', '28050', 'Madrid', 'SPAIN'], 'country_codes': {'whois_country_code': 'ES', 'rir_allocation_country_code': None, 'maxmind_country_code': None}, 'rir_allocation': {'rir_name': 'RIPE', 'country_code': None, 'ip': '212.80.160.0', 'cidr': 19, 'prefix",0,tomas.pellicer@evolutio.com
alimentacion alcampo,2024-01-24 17:35:31,AFFILIATE_DOMAIN_NAME,sfp_dnsresolve,esifw1.tsai.es,0,tsai.es
alimentacion alcampo,2024-01-24 17:35:09,AFFILIATE_DOMAIN_NAME,sfp_dnsresolve,esifw2.tsai.es,0,tsai.es
alimentacion alcampo,2024-01-24 17:35:19,AFFILIATE_DOMAIN_NAME,sfp_dnsresolve,esifw2.tsai.es,0,tsai.es
alimentacion alcampo,2024-01-24 17:36:04,AFFILIATE_INTERNET_NAME,sfp_dnsresolve,74.125.71.26,0,wn-in-f26.1e100.net
alimentacion alcampo,2024-01-24 17:34:01,INTERNET_NAME,SpiderFoot UI,www.alimentacion.alcampo.es,0,www.alimentacion.alcampo.es
alimentacion alcampo,2024-01-24 17:34:04,INTERNET_NAME,sfp_crt,www.alimentacion.alcampo.es,0,www.alimentacion.alcampo.es
alimentacion alcampo,2024-01-24 17:34:04,INTERNET_NAME,sfp_crt,www.alimentacion.alcampo.es,0,www.alimentacion.alcampo.es
alimentacion alcampo,2024-01-24 17:34:05,INTERNET_NAME,sfp_crt,www.alimentacion.alcampo.es,0,www.alimentacion.alcampo.es
alimentacion alcampo,2024-01-24 17:34:06,INTERNET_NAME,sfp_crt,www.alimentacion.alcampo.es,0,www.alimentacion.alcampo.es
alimentacion alcampo,2024-01-24 17:34:06,INTERNET_NAME,sfp_crt,www.alimentacion.alcampo.es,0,www.alimentacion.alcampo.es
alimentacion alcampo,2024-01-24 17:34:42,SEARCH_ENGINE_WEB_CONTENT,sfp_duckduckgo,alt4.aspmx.l.google.com,0,"{
   ""Abstract"" : ""Google Search is a search engine operated by Google. It allows users to search for information on the Internet by entering keywords or phrases. Google Search uses algorithms to analyze and rank websites based on their relevance to the search query. It is the most popular search engine worldwide. As of 2020, Google Search has a 92% share of the global search engine market. By 2012, it handled more than 3.5 billion searches per day. Google Search is the most-visited website in the world. Approximately 26.75% of Google's monthly global traffic comes from the United States, 4.44% from India, 4.4% from Brazil, 3.92% from the United Kingdom and 3.84% from Japan according to data provided by Similarweb. The order of search results returned by Google is based, in part, on a priority rank system called \""PageRank\""."",
   ""AbstractSource"" : ""Wikipedia"",
   ""AbstractText"" : ""Google Search is a search engine operated by Google. It allows users to search for information on the Internet by entering keywo"
alimentacion alcampo,2024-01-24 17:34:36,RAW_RIR_DATA,sfp_robtex,212.80.185.198,0,"{""status"": ""ok"", ""act"": [], ""acth"": [], ""pas"": [{""o"": ""alimentacion.alcampo.es"", ""t"": 1474538826}, {""o"": ""www.alimentacion.alcampo.es"", ""t"": 1430426070}], ""pash"": [], ""city"": ""Alcobendas"", ""country"": ""Spain"", ""as"": 12541, ""asname"": ""BTESPANA BT ES Datacenter and hosting AS"", ""asdesc"": ""CW Vodafone Group PLC"", ""whoisdesc"": ""To determine the registration information for a more specific range, please try a more specific query. If you see this object as a result of a single IP query, it means the IP address is currently in the free pool of address space managed by the RIPE NCC."", ""routedesc"": ""migration AS12541"", ""bgproute"": ""212.80.160.0/19""}"
alimentacion alcampo,2024-01-24 17:34:47,RAW_RIR_DATA,sfp_bgpview,12462,0,"{'asn': 12462, 'name': 'ECE-MAD-DATA', 'description_short': 'Evolutio_Cloud_Enabler_Madrid_Datacenter', 'description_full': ['Evolutio_Cloud_Enabler_Madrid_Datacenter'], 'country_code': 'ES', 'website': None, 'email_contacts': ['abuse@evolutio.com', 'raul.hernandez@evolutio.com', 'jesus.sanchez@evolutio.com', 'raul.izquierdodiaz@evolutio.com'], 'abuse_contacts': ['abuse@evolutio.com'], 'looking_glass': None, 'traffic_estimation': None, 'traffic_ratio': None, 'owner_address': ['Isabel Colbrand', '6-8', '28050', 'Madrid', 'SPAIN'], 'rir_allocation': {'rir_name': 'RIPE', 'country_code': 'ES', 'date_allocated': '1999-06-01 00:00:00', 'allocation_status': 'allocated'}, 'iana_assignment': {'assignment_status': 'assigned', 'description': 'Assigned by RIPE NCC', 'whois_server': 'whois.ripe.net', 'date_assigned': None}, 'date_updated': '2024-01-15 04:26:52'}"
alimentacion alcampo,2024-01-24 17:34:45,RAW_RIR_DATA,sfp_bgpview,12541,0,"{'asn': 12541, 'name': 'EBC_Inner_AS', 'description_short': 'Evolutio Business Connectivity Autonomous System', 'description_full': ['Evolutio Business Connectivity Autonomous System'], 'country_code': 'ES', 'website': 'https://www.evolutio.com', 'email_contacts': ['abuse@evolutio.com', 'adminripe@evolutio.com', 'it.infraestructure.spain@evolutio.com', 'tomas.pellicer@evolutio.com', 'raul.mateo@evolutio.com', 'juan.ruiz@evolutio.com', 'julian.delpozo@evolutio.com', 'juancarlos.perez@evolutio.com'], 'abuse_contacts': ['abuse@evolutio.com'], 'looking_glass': None, 'traffic_estimation': None, 'traffic_ratio': 'Not Disclosed', 'owner_address': ['Isabel Colbrand', '6', '28050', 'Madrid', 'SPAIN'], 'rir_allocation': {'rir_name': 'RIPE', 'country_code': 'ES', 'date_allocated': '1999-07-07 00:00:00', 'allocation_status': 'allocated'}, 'iana_assignment': {'assignment_status': 'assigned', 'description': 'Assigned by RIPE NCC', 'whois_server': 'whois.ripe.net', 'date_assigned': None}, 'date_updated': '2024-01-19 06:32:1"
alimentacion alcampo,2024-01-24 17:34:36,RAW_RIR_DATA,sfp_bgpview,8903,0,"{'asn': 8903, 'name': 'AS8903', 'description_short': 'Evolutio Business Connectivity. Network infrastructure & Peering.', 'description_full': ['Evolutio Business Connectivity. Network infrastructure & Peering.'], 'country_code': 'ES', 'website': 'http://www.evolutio.com', 'email_contacts': ['abuse@evolutio.com', 'adminripe@evolutio.com', 'julian.delpozo@evolutio.com', 'juan.ruiz@evolutio.com', 'tomas.pellicer@evolutio.com', 'raul.mateo@evolutio.com', 'juancarlos.perez@evolutio.com'], 'abuse_contacts': ['abuse@evolutio.com'], 'looking_glass': None, 'traffic_estimation': None, 'traffic_ratio': 'Balanced', 'owner_address': ['Isabel Colbrand', '6', '28050', 'Madrid', 'SPAIN'], 'rir_allocation': {'rir_name': 'RIPE', 'country_code': 'ES', 'date_allocated': '1998-07-24 00:00:00', 'allocation_status': 'allocated'}, 'iana_assignment': {'assignment_status': 'assigned', 'description': 'Assigned by RIPE NCC', 'whois_server': 'whois.ripe.net', 'date_assigned': None}, 'date_updated': '2024-01-23 05:48:27'}"
alimentacion alcampo,2024-01-24 17:34:35,RAW_RIR_DATA,sfp_ipapico,212.80.185.198,0,"{'ip': '212.80.185.198', 'network': '212.80.184.0/22', 'version': 'IPv4', 'city': 'Burgos', 'region': 'Castille and León', 'region_code': 'CL', 'country': 'ES', 'country_name': 'Spain', 'country_code': 'ES', 'country_code_iso3': 'ESP', 'country_capital': 'Madrid', 'country_tld': '.es', 'continent_code': 'EU', 'in_eu': True, 'postal': '09006', 'latitude': 42.3468, 'longitude': -3.6724, 'timezone': 'Europe/Madrid', 'utc_offset': '+0100', 'country_calling_code': '+34', 'currency': 'EUR', 'currency_name': 'Euro', 'languages': 'es-ES,ca,gl,eu,oc', 'country_area': 504782.0, 'country_population': 46723749, 'asn': 'AS8903', 'org': 'Evolutio Business Connectivity S.L.'}"
alimentacion alcampo,2024-01-24 17:34:29,RAW_RIR_DATA,sfp_bgpview,212.80.185.198,0,"{'ip': '212.80.185.198', 'ptr_record': None, 'prefixes': [{'prefix': '212.80.176.0/20', 'ip': '212.80.176.0', 'cidr': 20, 'asn': {'asn': 8903, 'name': 'AS8903', 'description': 'Evolutio Business Connectivity. Network infrastructure & Peering.', 'country_code': 'ES'}, 'name': 'ES-EVOLUTIO-19990707', 'description': 'EVOLUTIO CLOUD ENABLER S.A. UNIPERSONAL', 'country_code': 'ES'}, {'prefix': '212.80.176.0/20', 'ip': '212.80.176.0', 'cidr': 20, 'asn': {'asn': 12541, 'name': 'EBC_Inner_AS', 'description': 'Evolutio Business Connectivity Autonomous System', 'country_code': 'ES'}, 'name': 'ES-EVOLUTIO-19990707', 'description': 'EVOLUTIO CLOUD ENABLER S.A. UNIPERSONAL', 'country_code': 'ES'}, {'prefix': '212.80.160.0/19', 'ip': '212.80.160.0', 'cidr': 19, 'asn': {'asn': 12462, 'name': 'ECE-MAD-DATA', 'description': 'Evolutio_Cloud_Enabler_Madrid_Datacenter', 'country_code': 'ES'}, 'name': 'ES-EVOLUTIO-19990707', 'description': 'EVOLUTIO CLOUD ENABLER S.A. UNIPERSONAL', 'country_code': 'ES'}], 'rir_allocation': {'rir_"
alimentacion alcampo,2024-01-24 17:34:49,RAW_RIR_DATA,sfp_bgpview,212.80.160.0/19,0,"{'prefix': '212.80.160.0/19', 'ip': '212.80.160.0', 'cidr': 19, 'asns': [{'asn': 12462, 'name': 'ECE-MAD-DATA', 'description': 'Evolutio_Cloud_Enabler_Madrid_Datacenter', 'country_code': 'ES', 'prefix_upstreams': [{'asn': 12541, 'name': 'EBC_Inner_AS', 'description': 'Evolutio Business Connectivity Autonomous System', 'country_code': 'ES'}]}], 'name': 'ES-EVOLUTIO-19990707', 'description_short': 'EVOLUTIO CLOUD ENABLER S.A. UNIPERSONAL', 'description_full': ['EVOLUTIO CLOUD ENABLER S.A. UNIPERSONAL'], 'email_contacts': ['abuse@evolutio.com', 'bt.igs.secondlevel@bt.com', 'tomas.pellicer@evolutio.com', 'raul.mateo@evolutio.com', 'juan.ruiz@evolutio.com', 'julian.delpozo@evolutio.com'], 'abuse_contacts': ['abuse@evolutio.com'], 'owner_address': ['Isabel Colbrand', '6-8', '28050', 'Madrid', 'SPAIN'], 'country_codes': {'whois_country_code': 'ES', 'rir_allocation_country_code': None, 'maxmind_country_code': None}, 'rir_allocation': {'rir_name': 'RIPE', 'country_code': None, 'ip': '212.80.160.0', 'cidr': 19, 'prefix"
alimentacion alcampo,2024-01-24 17:34:41,RAW_RIR_DATA,sfp_bgpview,212.80.176.0/20,0,"{'prefix': '212.80.176.0/20', 'ip': '212.80.176.0', 'cidr': 20, 'asns': [{'asn': 12541, 'name': 'EBC_Inner_AS', 'description': 'Evolutio Business Connectivity Autonomous System', 'country_code': 'ES', 'prefix_upstreams': [{'asn': 3320, 'name': 'DTAG', 'description': 'Internet service provider operations', 'country_code': 'DE'}, {'asn': 3257, 'name': 'GTT-BACKBONE', 'description': 'GTT', 'country_code': 'US'}, {'asn': 174, 'name': 'COGENT-174', 'description': 'Cogent Communications', 'country_code': 'US'}]}], 'name': 'ES-EVOLUTIO-19990707', 'description_short': 'EVOLUTIO CLOUD ENABLER S.A. UNIPERSONAL', 'description_full': ['EVOLUTIO CLOUD ENABLER S.A. UNIPERSONAL'], 'email_contacts': ['abuse@evolutio.com', 'bt.igs.secondlevel@bt.com', 'tomas.pellicer@evolutio.com', 'raul.mateo@evolutio.com', 'juan.ruiz@evolutio.com', 'julian.delpozo@evolutio.com'], 'abuse_contacts': ['abuse@evolutio.com'], 'owner_address': ['Isabel Colbrand', '6-8', '28050', 'Madrid', 'SPAIN'], 'country_codes': {'whois_country_code': 'ES', 'r"
