Scan Name,Updated,Type,Module,Source,F/P,Data
franquicias alcampo,2024-01-24 17:32:27,AFFILIATE_IPADDR,sfp_dnsresolve,alt3.aspmx.l.google.com,0,142.250.150.26
franquicias alcampo,2024-01-24 17:33:17,AFFILIATE_IPADDR,sfp_dnsresolve,alt1.aspmx.l.google.com,0,142.250.153.27
franquicias alcampo,2024-01-24 17:33:07,AFFILIATE_IPADDR,sfp_dnsresolve,alt2.aspmx.l.google.com,0,142.251.9.26
franquicias alcampo,2024-01-24 17:33:20,AFFILIATE_DOMAIN_NAME,sfp_dnsresolve,la-in-f26.1e100.net,0,1e100.net
franquicias alcampo,2024-01-24 17:32:17,AFFILIATE_IPADDR,sfp_dnsresolve,esifw1.tsai.es,0,213.0.43.37
franquicias alcampo,2024-01-24 17:32:47,AFFILIATE_IPADDR,sfp_dnsresolve,esifw2.tsai.es,0,213.4.194.5
franquicias alcampo,2024-01-24 17:31:22,PHYSICAL_COORDINATES,sfp_openstreetmap,"Hinterm Hauptbahnhof 5, 76137, Karlsruhe, GERMANY",0,"48.9925206,8.402208489812994"
franquicias alcampo,2024-01-24 17:32:57,AFFILIATE_IPADDR,sfp_dnsresolve,aspmx.l.google.com,0,64.233.167.26
franquicias alcampo,2024-01-24 17:32:37,AFFILIATE_IPADDR,sfp_dnsresolve,alt4.aspmx.l.google.com,0,74.125.200.26
franquicias alcampo,2024-01-24 17:31:07,NETBLOCK_MEMBER,sfp_ripe,82.223.25.149,0,82.223.0.0/16
franquicias alcampo,2024-01-24 17:31:12,NETBLOCK_MEMBER,sfp_bgpview,82.223.25.149,0,82.223.0.0/16
franquicias alcampo,2024-01-24 17:31:06,IP_ADDRESS,sfp_dnsresolve,franquicias.alcampo.es,0,82.223.25.149
franquicias alcampo,2024-01-24 17:31:12,BGP_AS_MEMBER,sfp_bgpview,82.223.25.149,0,8560
franquicias alcampo,2024-01-24 17:31:10,BGP_AS_MEMBER,sfp_ripe,82.223.0.0/16,0,8560
franquicias alcampo,2024-01-24 17:31:17,AFFILIATE_DESCRIPTION_CATEGORY,sfp_duckduckgo,alt3.aspmx.l.google.com,0,Alphabet Inc.
franquicias alcampo,2024-01-24 17:31:05,SSL_CERTIFICATE_RAW,sfp_crt,franquicias.alcampo.es,0,"Certificate:
    Data:
        Version: 3 (0x2)
        Serial Number:
            0a:b6:6a:a4:24:35:08:f9:be:c7:0a:b5:8f:0f:75:a6
        Signature Algorithm: sha256WithRSAEncryption
        Issuer: C=GB, ST=Greater Manchester, L=Salford, O=Sectigo Limited, CN=Sectigo RSA Domain Validation Secure Server CA
        Validity
            Not Before: Mar 15 00:00:00 2021 GMT
            Not After : Mar 17 23:59:59 2022 GMT
        Subject: CN=franquicias.alcampo.es
        Subject Public Key Info:
            Public Key Algorithm: rsaEncryption
                Public-Key: (2048 bit)
                Modulus:
                    00:97:d5:12:b3:07:26:84:2e:fc:6b:a3:f7:fe:fd:
                    84:1d:00:77:52:0d:76:5b:5b:f3:a3:ef:d3:57:6e:
                    67:3b:ab:a0:2b:bb:88:08:5b:9e:2a:8d:48:d4:eb:
                    7f:9f:eb:1e:da:48:1e:a4:68:5c:ae:86:ed:12:f0:
                    b5:d4:14:f0:ad:14:a9:bc:50:28:46:21:ca:39:ea:
                    8d:1a:1a:92:02:ae:89:19:f7:6a:3f:8c:81:65:10:
                "
franquicias alcampo,2024-01-24 17:31:06,SSL_CERTIFICATE_RAW,sfp_crt,franquicias.alcampo.es,0,"Certificate:
    Data:
        Version: 3 (0x2)
        Serial Number:
            0a:b6:6a:a4:24:35:08:f9:be:c7:0a:b5:8f:0f:75:a6
        Signature Algorithm: sha256WithRSAEncryption
        Issuer: C=GB, ST=Greater Manchester, L=Salford, O=Sectigo Limited, CN=Sectigo RSA Domain Validation Secure Server CA
        Validity
            Not Before: Mar 15 00:00:00 2021 GMT
            Not After : Mar 17 23:59:59 2022 GMT
        Subject: CN=franquicias.alcampo.es
        Subject Public Key Info:
            Public Key Algorithm: rsaEncryption
                Public-Key: (2048 bit)
                Modulus:
                    00:97:d5:12:b3:07:26:84:2e:fc:6b:a3:f7:fe:fd:
                    84:1d:00:77:52:0d:76:5b:5b:f3:a3:ef:d3:57:6e:
                    67:3b:ab:a0:2b:bb:88:08:5b:9e:2a:8d:48:d4:eb:
                    7f:9f:eb:1e:da:48:1e:a4:68:5c:ae:86:ed:12:f0:
                    b5:d4:14:f0:ad:14:a9:bc:50:28:46:21:ca:39:ea:
                    8d:1a:1a:92:02:ae:89:19:f7:6a:3f:8c:81:65:10:
                "
franquicias alcampo,2024-01-24 17:31:06,SSL_CERTIFICATE_RAW,sfp_crt,franquicias.alcampo.es,0,"Certificate:
    Data:
        Version: 3 (0x2)
        Serial Number:
            18:13:94:1b:c3:a4:31:56:0d:2f:12:a5:44:a2:ba:e3
        Signature Algorithm: sha256WithRSAEncryption
        Issuer: C=GB, ST=Greater Manchester, L=Salford, O=Sectigo Limited, CN=Sectigo RSA Domain Validation Secure Server CA
        Validity
            Not Before: Mar 18 00:00:00 2019 GMT
            Not After : Mar 17 23:59:59 2021 GMT
        Subject: OU=Domain Control Validated, OU=PositiveSSL, CN=franquicias.alcampo.es
        Subject Public Key Info:
            Public Key Algorithm: rsaEncryption
                Public-Key: (2048 bit)
                Modulus:
                    00:b6:68:23:98:7c:50:31:fa:17:6e:32:a4:82:48:
                    4d:3c:17:58:eb:d3:8e:69:bc:f7:78:b4:dc:1c:ba:
                    49:b6:7a:46:ea:d6:d2:a8:c9:31:46:40:c0:26:95:
                    27:2d:89:35:2b:a0:dd:66:5d:4a:5c:a0:be:06:75:
                    97:ab:d0:79:e5:4d:d9:12:3b:4d:bb:6e:a4:76:6c:
                    92:0d:13:81:5e:2a"
franquicias alcampo,2024-01-24 17:31:07,SSL_CERTIFICATE_RAW,sfp_crt,franquicias.alcampo.es,0,"Certificate:
    Data:
        Version: 3 (0x2)
        Serial Number:
            18:13:94:1b:c3:a4:31:56:0d:2f:12:a5:44:a2:ba:e3
        Signature Algorithm: sha256WithRSAEncryption
        Issuer: C=GB, ST=Greater Manchester, L=Salford, O=Sectigo Limited, CN=Sectigo RSA Domain Validation Secure Server CA
        Validity
            Not Before: Mar 18 00:00:00 2019 GMT
            Not After : Mar 17 23:59:59 2021 GMT
        Subject: OU=Domain Control Validated, OU=PositiveSSL, CN=franquicias.alcampo.es
        Subject Public Key Info:
            Public Key Algorithm: rsaEncryption
                Public-Key: (2048 bit)
                Modulus:
                    00:b6:68:23:98:7c:50:31:fa:17:6e:32:a4:82:48:
                    4d:3c:17:58:eb:d3:8e:69:bc:f7:78:b4:dc:1c:ba:
                    49:b6:7a:46:ea:d6:d2:a8:c9:31:46:40:c0:26:95:
                    27:2d:89:35:2b:a0:dd:66:5d:4a:5c:a0:be:06:75:
                    97:ab:d0:79:e5:4d:d9:12:3b:4d:bb:6e:a4:76:6c:
                    92:0d:13:81:5e:2a"
franquicias alcampo,2024-01-24 17:31:03,SSL_CERTIFICATE_RAW,sfp_crt,franquicias.alcampo.es,0,"Certificate:
    Data:
        Version: 3 (0x2)
        Serial Number:
            5d:57:cd:19:f3:13:c7:d8:73:66:f7:14:59:00:c9:f0
        Signature Algorithm: sha256WithRSAEncryption
        Issuer: C=GB, ST=Greater Manchester, L=Salford, O=Sectigo Limited, CN=Sectigo RSA Domain Validation Secure Server CA
        Validity
            Not Before: Mar 14 00:00:00 2023 GMT
            Not After : Mar 18 23:59:59 2024 GMT
        Subject: CN=franquicias.alcampo.es
        Subject Public Key Info:
            Public Key Algorithm: rsaEncryption
                Public-Key: (2048 bit)
                Modulus:
                    00:a2:78:fe:b8:b1:7c:85:1a:64:37:ea:61:94:1e:
                    d2:b3:9c:1a:62:6e:03:5c:e7:c1:03:ee:30:93:96:
                    8e:69:2f:69:cc:76:a9:02:6b:99:dc:ec:23:b7:a0:
                    09:84:ef:58:5a:9a:e9:7b:0a:64:10:63:e1:63:32:
                    4b:0b:94:08:a6:c9:73:87:1a:23:92:a7:3e:fb:2c:
                    44:31:e5:42:a8:50:80:f6:34:24:c1:d7:c2:a9:53:
                "
franquicias alcampo,2024-01-24 17:31:03,SSL_CERTIFICATE_RAW,sfp_crt,franquicias.alcampo.es,0,"Certificate:
    Data:
        Version: 3 (0x2)
        Serial Number:
            5d:57:cd:19:f3:13:c7:d8:73:66:f7:14:59:00:c9:f0
        Signature Algorithm: sha256WithRSAEncryption
        Issuer: C=GB, ST=Greater Manchester, L=Salford, O=Sectigo Limited, CN=Sectigo RSA Domain Validation Secure Server CA
        Validity
            Not Before: Mar 14 00:00:00 2023 GMT
            Not After : Mar 18 23:59:59 2024 GMT
        Subject: CN=franquicias.alcampo.es
        Subject Public Key Info:
            Public Key Algorithm: rsaEncryption
                Public-Key: (2048 bit)
                Modulus:
                    00:a2:78:fe:b8:b1:7c:85:1a:64:37:ea:61:94:1e:
                    d2:b3:9c:1a:62:6e:03:5c:e7:c1:03:ee:30:93:96:
                    8e:69:2f:69:cc:76:a9:02:6b:99:dc:ec:23:b7:a0:
                    09:84:ef:58:5a:9a:e9:7b:0a:64:10:63:e1:63:32:
                    4b:0b:94:08:a6:c9:73:87:1a:23:92:a7:3e:fb:2c:
                    44:31:e5:42:a8:50:80:f6:34:24:c1:d7:c2:a9:53:
                "
franquicias alcampo,2024-01-24 17:31:03,SSL_CERTIFICATE_RAW,sfp_crt,franquicias.alcampo.es,0,"Certificate:
    Data:
        Version: 3 (0x2)
        Serial Number:
            f4:79:5a:dd:2b:a8:70:9d:36:bb:2e:83:e6:57:93:25
        Signature Algorithm: sha256WithRSAEncryption
        Issuer: C=GB, ST=Greater Manchester, L=Salford, O=Sectigo Limited, CN=Sectigo RSA Domain Validation Secure Server CA
        Validity
            Not Before: Mar  8 00:00:00 2022 GMT
            Not After : Mar 17 23:59:59 2023 GMT
        Subject: CN=franquicias.alcampo.es
        Subject Public Key Info:
            Public Key Algorithm: rsaEncryption
                Public-Key: (2048 bit)
                Modulus:
                    00:a2:78:fe:b8:b1:7c:85:1a:64:37:ea:61:94:1e:
                    d2:b3:9c:1a:62:6e:03:5c:e7:c1:03:ee:30:93:96:
                    8e:69:2f:69:cc:76:a9:02:6b:99:dc:ec:23:b7:a0:
                    09:84:ef:58:5a:9a:e9:7b:0a:64:10:63:e1:63:32:
                    4b:0b:94:08:a6:c9:73:87:1a:23:92:a7:3e:fb:2c:
                    44:31:e5:42:a8:50:80:f6:34:24:c1:d7:c2:a9:53:
                "
franquicias alcampo,2024-01-24 17:31:04,SSL_CERTIFICATE_RAW,sfp_crt,franquicias.alcampo.es,0,"Certificate:
    Data:
        Version: 3 (0x2)
        Serial Number:
            f4:79:5a:dd:2b:a8:70:9d:36:bb:2e:83:e6:57:93:25
        Signature Algorithm: sha256WithRSAEncryption
        Issuer: C=GB, ST=Greater Manchester, L=Salford, O=Sectigo Limited, CN=Sectigo RSA Domain Validation Secure Server CA
        Validity
            Not Before: Mar  8 00:00:00 2022 GMT
            Not After : Mar 17 23:59:59 2023 GMT
        Subject: CN=franquicias.alcampo.es
        Subject Public Key Info:
            Public Key Algorithm: rsaEncryption
                Public-Key: (2048 bit)
                Modulus:
                    00:a2:78:fe:b8:b1:7c:85:1a:64:37:ea:61:94:1e:
                    d2:b3:9c:1a:62:6e:03:5c:e7:c1:03:ee:30:93:96:
                    8e:69:2f:69:cc:76:a9:02:6b:99:dc:ec:23:b7:a0:
                    09:84:ef:58:5a:9a:e9:7b:0a:64:10:63:e1:63:32:
                    4b:0b:94:08:a6:c9:73:87:1a:23:92:a7:3e:fb:2c:
                    44:31:e5:42:a8:50:80:f6:34:24:c1:d7:c2:a9:53:
                "
franquicias alcampo,2024-01-24 17:31:12,BLACKLISTED_SUBNET,sfp_cleantalk,82.223.0.0/16,0,"CleanTalk Spam List [82.223.0.0/16]
https://iplists.firehol.org/files/cleantalk_7d.ipset"
franquicias alcampo,2024-01-24 17:31:12,MALICIOUS_SUBNET,sfp_cleantalk,82.223.0.0/16,0,"CleanTalk Spam List [82.223.0.0/16]
https://iplists.firehol.org/files/cleantalk_7d.ipset"
franquicias alcampo,2024-01-24 17:31:17,AFFILIATE_DESCRIPTION_CATEGORY,sfp_duckduckgo,alt3.aspmx.l.google.com,0,Dragonfly (search engine) - The Dragonfly project was an Internet search engine prototype created by Google that was designed to be compatible with China's state censorship provisions.
franquicias alcampo,2024-01-24 17:31:15,WEB_ANALYTICS_ID,sfp_webanalytics,globalsign-domain-verification=-8kpivpbgMACeanB8hk0ansSLujEnFA_i1ukkwKY1Y,0,GlobalSign Site Verification: -8kpivpbgMACeanB8hk0ansSLujEnFA_i1ukkwKY1Y
franquicias alcampo,2024-01-24 17:31:17,WEB_ANALYTICS_ID,sfp_webanalytics,_globalsign-domain-verification=zB31GMhR9nIJvr8jz3NfOWcUMf0rQ_bS7My4I5VWd_,0,GlobalSign Site Verification: zB31GMhR9nIJvr8jz3NfOWcUMf0rQ_bS7My4I5VWd_
franquicias alcampo,2024-01-24 17:31:17,AFFILIATE_DESCRIPTION_CATEGORY,sfp_duckduckgo,alt3.aspmx.l.google.com,0,"Google (verb) - Owing to the dominance of the Google search engine, to google has become a transitive verb. The neologism commonly refers to searching for information on the World Wide Web, typically using the Google search engine. The American Dialect Society chose it as the ""most useful word of 2002""."
franquicias alcampo,2024-01-24 17:31:17,AFFILIATE_DESCRIPTION_CATEGORY,sfp_duckduckgo,alt3.aspmx.l.google.com,0,Google Panda - Google's Google Panda is a major change to the company's search results ranking algorithm that was first released in February 2011.
franquicias alcampo,2024-01-24 17:31:17,AFFILIATE_DESCRIPTION_CATEGORY,sfp_duckduckgo,alt3.aspmx.l.google.com,0,"Google Penguin - Google Penguin was a codename for a Google algorithm update that was first announced on April 24, 2012."
franquicias alcampo,2024-01-24 17:31:17,AFFILIATE_DESCRIPTION_CATEGORY,sfp_duckduckgo,alt3.aspmx.l.google.com,0,Google Search Category
franquicias alcampo,2024-01-24 17:31:17,AFFILIATE_DESCRIPTION_ABSTRACT,sfp_duckduckgo,alt3.aspmx.l.google.com,0,"Google Search is a search engine operated by Google. It allows users to search for information on the Internet by entering keywords or phrases. Google Search uses algorithms to analyze and rank websites based on their relevance to the search query. It is the most popular search engine worldwide. As of 2020, Google Search has a 92% share of the global search engine market. By 2012, it handled more than 3.5 billion searches per day. Google Search is the most-visited website in the world. Approximately 26.75% of Google's monthly global traffic comes from the United States, 4.44% from India, 4.4% from Brazil, 3.92% from the United Kingdom and 3.84% from Japan according to data provided by Similarweb. The order of search results returned by Google is based, in part, on a priority rank system called ""PageRank""."
franquicias alcampo,2024-01-24 17:31:15,WEB_ANALYTICS_ID,sfp_webanalytics,google-site-verification=VqJqi_-PEVwoDHO6zYtZufp6Z83wWRVm-jGdhsGoxKo,0,Google Site Verification: VqJqi_-PEVwoDHO6zYtZufp6Z83wWRVm-jGdhsGoxKo
franquicias alcampo,2024-01-24 17:31:17,AFFILIATE_DESCRIPTION_CATEGORY,sfp_duckduckgo,alt3.aspmx.l.google.com,0,"Google bombing - The terms Google bombing and Googlewashing refer to the practice of causing a website to rank highly in web search engine results for irrelevant, unrelated or off-topic search terms by linking heavily."
franquicias alcampo,2024-01-24 17:31:17,AFFILIATE_DESCRIPTION_CATEGORY,sfp_duckduckgo,alt3.aspmx.l.google.com,0,Google services
franquicias alcampo,2024-01-24 17:31:20,PHYSICAL_ADDRESS,sfp_bgpview,8560,0,"Hinterm Hauptbahnhof 5, 76137, Karlsruhe, GERMANY"
franquicias alcampo,2024-01-24 17:31:17,AFFILIATE_DESCRIPTION_CATEGORY,sfp_duckduckgo,alt3.aspmx.l.google.com,0,Internet search engines
franquicias alcampo,2024-01-24 17:31:09,GEOINFO,sfp_ipapico,82.223.25.149,0,"Logroño, La Rioja, RI, Spain, ES"
franquicias alcampo,2024-01-24 17:31:17,AFFILIATE_DESCRIPTION_CATEGORY,sfp_duckduckgo,alt3.aspmx.l.google.com,0,Multilingual websites
franquicias alcampo,2024-01-24 17:31:17,AFFILIATE_DESCRIPTION_CATEGORY,sfp_duckduckgo,alt3.aspmx.l.google.com,0,Music search engines
franquicias alcampo,2024-01-24 17:31:15,COUNTRY_NAME,sfp_countryname,"Logroño, La Rioja, RI, Spain, ES",0,Spain
franquicias alcampo,2024-01-24 17:32:07,COUNTRY_NAME,sfp_countryname,tsai.es,0,Spain
franquicias alcampo,2024-01-24 17:31:17,AFFILIATE_DESCRIPTION_CATEGORY,sfp_duckduckgo,alt3.aspmx.l.google.com,0,"Timeline of Google Search - Google Search, offered by Google, is the most widely used search engine on the World Wide Web as of 2023, with over eight billion searches a day. This page covers key events in the history of Google's search service."
franquicias alcampo,2024-01-24 17:33:19,COUNTRY_NAME,sfp_countryname,tdatacenter.com,0,United States
franquicias alcampo,2024-01-24 17:33:20,COUNTRY_NAME,sfp_countryname,1e100.net,0,United States
franquicias alcampo,2024-01-24 17:32:20,COUNTRY_NAME,sfp_countryname,google.com,0,United States
franquicias alcampo,2024-01-24 17:33:21,COUNTRY_NAME,sfp_countryname,telefonica-data.com,0,United States
franquicias alcampo,2024-01-24 17:31:07,DNS_TEXT,sfp_dnsraw,alcampo.es,0,Validity-Domain-Verification=YTIDS786dsuhJa0u455
franquicias alcampo,2024-01-24 17:31:15,MALICIOUS_SUBNET,sfp_voipbl,82.223.0.0/16,0,"VoIP Blacklist (VoIPBL) [82.223.0.0/16]
https://voipbl.org/check/?ip=82.223.0.0/16"
franquicias alcampo,2024-01-24 17:31:15,BLACKLISTED_SUBNET,sfp_voipbl,82.223.0.0/16,0,"VoIP Blacklist (VoIPBL) [82.223.0.0/16]
https://voipbl.org/check/?ip=82.223.0.0/16"
franquicias alcampo,2024-01-24 17:31:17,AFFILIATE_DESCRIPTION_CATEGORY,sfp_duckduckgo,alt3.aspmx.l.google.com,0,Websites which mirror Wikipedia
franquicias alcampo,2024-01-24 17:31:17,HASH,sfp_hashes,"alcampo.es. 5 IN TXT ""google-site-verification=VqJqi_-PEVwoDHO6zYtZufp6Z83wWRVm-jGdhsGoxKo""
alcampo.es. 5 IN TXT ""globalsign-domain-verification=-8kpivpbgMACeanB8hk0ansSLujEnFA_i1ukkwKY1Y""
alcampo.es. 5 IN TXT ""_globalsign-domain-verification=zB31GMhR9nIJvr8jz3NfOWcUMf0rQ_bS7My4I5VWd_""
alcampo.es. 5 IN TXT ""Validity-Domain-Verification=YTIDS786dsuhJa0u455""
alcampo.es. 5 IN TXT ""globalsign-domain-verification=29a8d94e50a428b889656bad17b98350""
alcampo.es. 5 IN TXT ""ca3-a50560ab2bf94355ab8c0003134787d1""",0,[MD5] 29a8d94e50a428b889656bad17b98350
franquicias alcampo,2024-01-24 17:31:17,HASH,sfp_hashes,"alcampo.es. 5 IN TXT ""google-site-verification=VqJqi_-PEVwoDHO6zYtZufp6Z83wWRVm-jGdhsGoxKo""
alcampo.es. 5 IN TXT ""globalsign-domain-verification=-8kpivpbgMACeanB8hk0ansSLujEnFA_i1ukkwKY1Y""
alcampo.es. 5 IN TXT ""_globalsign-domain-verification=zB31GMhR9nIJvr8jz3NfOWcUMf0rQ_bS7My4I5VWd_""
alcampo.es. 5 IN TXT ""Validity-Domain-Verification=YTIDS786dsuhJa0u455""
alcampo.es. 5 IN TXT ""globalsign-domain-verification=29a8d94e50a428b889656bad17b98350""
alcampo.es. 5 IN TXT ""ca3-a50560ab2bf94355ab8c0003134787d1""",0,[MD5] a50560ab2bf94355ab8c0003134787d1
franquicias alcampo,2024-01-24 17:30:52,RAW_RIR_DATA,sfp_crt,franquicias.alcampo.es,0,"[{'issuer_ca_id': 105493, 'issuer_name': 'C=GB, ST=Greater Manchester, L=Salford, O=Sectigo Limited, CN=Sectigo RSA Domain Validation Secure Server CA', 'common_name': 'franquicias.alcampo.es', 'name_value': 'franquicias.alcampo.es', 'id': 8880652888, 'entry_timestamp': '2023-03-14T09:42:59.088', 'not_before': '2023-03-14T00:00:00', 'not_after': '2024-03-18T23:59:59', 'serial_number': '5d57cd19f313c7d87366f7145900c9f0', 'result_count': 2}, {'issuer_ca_id': 105493, 'issuer_name': 'C=GB, ST=Greater Manchester, L=Salford, O=Sectigo Limited, CN=Sectigo RSA Domain Validation Secure Server CA', 'common_name': 'franquicias.alcampo.es', 'name_value': 'franquicias.alcampo.es', 'id': 8880653097, 'entry_timestamp': '2023-03-14T09:42:55.854', 'not_before': '2023-03-14T00:00:00', 'not_after': '2024-03-18T23:59:59', 'serial_number': '5d57cd19f313c7d87366f7145900c9f0', 'result_count': 2}, {'issuer_ca_id': 105493, 'issuer_name': 'C=GB, ST=Greater Manchester, L=Salford, O=Sectigo Limited, CN=Sectigo RSA Domain Validation Secu"
franquicias alcampo,2024-01-24 17:31:07,DNS_TEXT,sfp_dnsraw,alcampo.es,0,_globalsign-domain-verification=zB31GMhR9nIJvr8jz3NfOWcUMf0rQ_bS7My4I5VWd_
franquicias alcampo,2024-01-24 17:31:21,AFFILIATE_EMAILADDR,sfp_email,"{'asn': 8560, 'name': 'IONOS-AS', 'description_short': 'This is the joint network for IONOS, Fasthosts, Arsys, 1&1 Mail and Media and 1&1 Telecom. Formerly known as 1&1 Internet SE.', 'description_full': ['This is the joint network for IONOS, Fasthosts, Arsys, 1&1 Mail and Media and 1&1 Telecom. Formerly known as 1&1 Internet SE.', '1&1 IONOS SE', 'Hinterm Hauptbahnhof 5', 'D-76137 Karlsruhe', 'Germany'], 'country_code': 'DE', 'website': 'http://www.ionos.com', 'email_contacts': ['abuse@ionos.com', 'ripe-role@oneandone.net', 'noc@net.ionos.com', 'ripe-role@net.ionos.com'], 'abuse_contacts': ['abuse@ionos.com'], 'looking_glass': None, 'traffic_estimation': '500-1000Gbps', 'traffic_ratio': 'Mostly Outbound', 'owner_address': ['Hinterm Hauptbahnhof 5', '76137', 'Karlsruhe', 'GERMANY'], 'rir_allocation': {'rir_name': 'RIPE', 'country_code': 'DE', 'date_allocated': '1997-11-26 00:00:00', 'allocation_status': 'allocated'}, 'iana_assignment': {'assignment_status': 'assigned', 'description': 'Assigned by RIPE NCC', '",0,abuse@ionos.com
franquicias alcampo,2024-01-24 17:31:06,DOMAIN_NAME_PARENT,sfp_dnsresolve,franquicias.alcampo.es,0,alcampo.es
franquicias alcampo,2024-01-24 17:31:07,RAW_DNS_RECORDS,sfp_dnsraw,alcampo.es,0,"alcampo.es. 5 IN MX 5 alt2.aspmx.l.google.com.
alcampo.es. 5 IN MX 5 alt1.aspmx.l.google.com.
alcampo.es. 5 IN MX 1 aspmx.l.google.com.
alcampo.es. 5 IN MX 10 alt4.aspmx.l.google.com.
alcampo.es. 5 IN MX 10 alt3.aspmx.l.google.com."
franquicias alcampo,2024-01-24 17:31:07,RAW_DNS_RECORDS,sfp_dnsraw,alcampo.es,0,"alcampo.es. 5 IN NS esifw2.tsai.es.
alcampo.es. 5 IN NS esifw1.tsai.es."
franquicias alcampo,2024-01-24 17:31:07,RAW_DNS_RECORDS,sfp_dnsraw,alcampo.es,0,"alcampo.es. 5 IN TXT ""google-site-verification=VqJqi_-PEVwoDHO6zYtZufp6Z83wWRVm-jGdhsGoxKo""
alcampo.es. 5 IN TXT ""globalsign-domain-verification=-8kpivpbgMACeanB8hk0ansSLujEnFA_i1ukkwKY1Y""
alcampo.es. 5 IN TXT ""_globalsign-domain-verification=zB31GMhR9nIJvr8jz3NfOWcUMf0rQ_bS7My4I5VWd_""
alcampo.es. 5 IN TXT ""Validity-Domain-Verification=YTIDS786dsuhJa0u455""
alcampo.es. 5 IN TXT ""globalsign-domain-verification=29a8d94e50a428b889656bad17b98350""
alcampo.es. 5 IN TXT ""ca3-a50560ab2bf94355ab8c0003134787d1"""
franquicias alcampo,2024-01-24 17:31:07,PROVIDER_MAIL,sfp_dnsraw,alcampo.es,0,alt1.aspmx.l.google.com
franquicias alcampo,2024-01-24 17:31:07,AFFILIATE_INTERNET_NAME,sfp_dnsraw,alcampo.es,0,alt1.aspmx.l.google.com
franquicias alcampo,2024-01-24 17:31:07,PROVIDER_MAIL,sfp_dnsraw,alcampo.es,0,alt2.aspmx.l.google.com
franquicias alcampo,2024-01-24 17:31:07,AFFILIATE_INTERNET_NAME,sfp_dnsraw,alcampo.es,0,alt2.aspmx.l.google.com
franquicias alcampo,2024-01-24 17:31:07,PROVIDER_MAIL,sfp_dnsraw,alcampo.es,0,alt3.aspmx.l.google.com
franquicias alcampo,2024-01-24 17:31:07,AFFILIATE_INTERNET_NAME,sfp_dnsraw,alcampo.es,0,alt3.aspmx.l.google.com
franquicias alcampo,2024-01-24 17:31:07,PROVIDER_MAIL,sfp_dnsraw,alcampo.es,0,alt4.aspmx.l.google.com
franquicias alcampo,2024-01-24 17:31:07,AFFILIATE_INTERNET_NAME,sfp_dnsraw,alcampo.es,0,alt4.aspmx.l.google.com
franquicias alcampo,2024-01-24 17:31:07,PROVIDER_MAIL,sfp_dnsraw,alcampo.es,0,aspmx.l.google.com
franquicias alcampo,2024-01-24 17:31:07,AFFILIATE_INTERNET_NAME,sfp_dnsraw,alcampo.es,0,aspmx.l.google.com
franquicias alcampo,2024-01-24 17:31:07,DNS_TEXT,sfp_dnsraw,alcampo.es,0,ca3-a50560ab2bf94355ab8c0003134787d1
franquicias alcampo,2024-01-24 17:33:22,AFFILIATE_INTERNET_NAME,sfp_dnsresolve,142.250.153.27,0,ea-in-f27.1e100.net
franquicias alcampo,2024-01-24 17:33:18,AFFILIATE_INTERNET_NAME,sfp_dnsresolve,213.0.43.37,0,edns01.es.tdatacenter.com
franquicias alcampo,2024-01-24 17:31:07,PROVIDER_DNS,sfp_dnsraw,alcampo.es,0,esifw1.tsai.es
franquicias alcampo,2024-01-24 17:31:07,AFFILIATE_INTERNET_NAME,sfp_dnsraw,alcampo.es,0,esifw1.tsai.es
franquicias alcampo,2024-01-24 17:31:07,PROVIDER_DNS,sfp_dnsraw,alcampo.es,0,esifw2.tsai.es
franquicias alcampo,2024-01-24 17:31:07,AFFILIATE_INTERNET_NAME,sfp_dnsraw,alcampo.es,0,esifw2.tsai.es
franquicias alcampo,2024-01-24 17:31:03,INTERNET_NAME,sfp_crt,franquicias.alcampo.es,0,franquicias.alcampo.es
franquicias alcampo,2024-01-24 17:31:03,INTERNET_NAME,sfp_crt,franquicias.alcampo.es,0,franquicias.alcampo.es
franquicias alcampo,2024-01-24 17:31:03,INTERNET_NAME,sfp_crt,franquicias.alcampo.es,0,franquicias.alcampo.es
franquicias alcampo,2024-01-24 17:31:04,INTERNET_NAME,sfp_crt,franquicias.alcampo.es,0,franquicias.alcampo.es
franquicias alcampo,2024-01-24 17:31:05,INTERNET_NAME,sfp_crt,franquicias.alcampo.es,0,franquicias.alcampo.es
franquicias alcampo,2024-01-24 17:31:06,INTERNET_NAME,sfp_crt,franquicias.alcampo.es,0,franquicias.alcampo.es
franquicias alcampo,2024-01-24 17:31:06,INTERNET_NAME,sfp_crt,franquicias.alcampo.es,0,franquicias.alcampo.es
franquicias alcampo,2024-01-24 17:31:07,INTERNET_NAME,sfp_crt,franquicias.alcampo.es,0,franquicias.alcampo.es
franquicias alcampo,2024-01-24 17:30:35,INTERNET_NAME,SpiderFoot UI,franquicias.alcampo.es,0,franquicias.alcampo.es
franquicias alcampo,2024-01-24 17:31:07,DNS_TEXT,sfp_dnsraw,alcampo.es,0,globalsign-domain-verification=-8kpivpbgMACeanB8hk0ansSLujEnFA_i1ukkwKY1Y
franquicias alcampo,2024-01-24 17:31:07,DNS_TEXT,sfp_dnsraw,alcampo.es,0,globalsign-domain-verification=29a8d94e50a428b889656bad17b98350
franquicias alcampo,2024-01-24 17:31:07,DNS_TEXT,sfp_dnsraw,alcampo.es,0,google-site-verification=VqJqi_-PEVwoDHO6zYtZufp6Z83wWRVm-jGdhsGoxKo
franquicias alcampo,2024-01-24 17:32:27,AFFILIATE_DOMAIN_NAME,sfp_dnsresolve,alt4.aspmx.l.google.com,0,google.com
franquicias alcampo,2024-01-24 17:32:57,AFFILIATE_DOMAIN_NAME,sfp_dnsresolve,alt2.aspmx.l.google.com,0,google.com
franquicias alcampo,2024-01-24 17:33:07,AFFILIATE_DOMAIN_NAME,sfp_dnsresolve,alt1.aspmx.l.google.com,0,google.com
franquicias alcampo,2024-01-24 17:32:47,AFFILIATE_DOMAIN_NAME,sfp_dnsresolve,aspmx.l.google.com,0,google.com
franquicias alcampo,2024-01-24 17:32:17,AFFILIATE_DOMAIN_NAME,sfp_dnsresolve,alt3.aspmx.l.google.com,0,google.com
franquicias alcampo,2024-01-24 17:32:27,AFFILIATE_DOMAIN_NAME,sfp_dnsresolve,alt3.aspmx.l.google.com,0,google.com
franquicias alcampo,2024-01-24 17:31:13,MALICIOUS_SUBNET,sfp_greensnow,82.223.0.0/16,0,"greensnow.co [82.223.0.0/16]
https://greensnow.co/view/82.223.222.75"
franquicias alcampo,2024-01-24 17:31:13,BLACKLISTED_SUBNET,sfp_greensnow,82.223.0.0/16,0,"greensnow.co [82.223.0.0/16]
https://greensnow.co/view/82.223.222.75"
franquicias alcampo,2024-01-24 17:33:20,AFFILIATE_INTERNET_NAME,sfp_dnsresolve,142.250.150.26,0,la-in-f26.1e100.net
franquicias alcampo,2024-01-24 17:31:22,AFFILIATE_EMAILADDR,sfp_email,"{'asn': 8560, 'name': 'IONOS-AS', 'description_short': 'This is the joint network for IONOS, Fasthosts, Arsys, 1&1 Mail and Media and 1&1 Telecom. Formerly known as 1&1 Internet SE.', 'description_full': ['This is the joint network for IONOS, Fasthosts, Arsys, 1&1 Mail and Media and 1&1 Telecom. Formerly known as 1&1 Internet SE.', '1&1 IONOS SE', 'Hinterm Hauptbahnhof 5', 'D-76137 Karlsruhe', 'Germany'], 'country_code': 'DE', 'website': 'http://www.ionos.com', 'email_contacts': ['abuse@ionos.com', 'ripe-role@oneandone.net', 'noc@net.ionos.com', 'ripe-role@net.ionos.com'], 'abuse_contacts': ['abuse@ionos.com'], 'looking_glass': None, 'traffic_estimation': '500-1000Gbps', 'traffic_ratio': 'Mostly Outbound', 'owner_address': ['Hinterm Hauptbahnhof 5', '76137', 'Karlsruhe', 'GERMANY'], 'rir_allocation': {'rir_name': 'RIPE', 'country_code': 'DE', 'date_allocated': '1997-11-26 00:00:00', 'allocation_status': 'allocated'}, 'iana_assignment': {'assignment_status': 'assigned', 'description': 'Assigned by RIPE NCC', '",0,noc@net.ionos.com
franquicias alcampo,2024-01-24 17:33:21,AFFILIATE_INTERNET_NAME,sfp_dnsresolve,213.4.194.5,0,ns2.telefonica-data.com
franquicias alcampo,2024-01-24 17:33:21,AFFILIATE_INTERNET_NAME,sfp_dnsresolve,142.251.9.26,0,rc-in-f26.1e100.net
franquicias alcampo,2024-01-24 17:31:22,AFFILIATE_EMAILADDR,sfp_email,"{'asn': 8560, 'name': 'IONOS-AS', 'description_short': 'This is the joint network for IONOS, Fasthosts, Arsys, 1&1 Mail and Media and 1&1 Telecom. Formerly known as 1&1 Internet SE.', 'description_full': ['This is the joint network for IONOS, Fasthosts, Arsys, 1&1 Mail and Media and 1&1 Telecom. Formerly known as 1&1 Internet SE.', '1&1 IONOS SE', 'Hinterm Hauptbahnhof 5', 'D-76137 Karlsruhe', 'Germany'], 'country_code': 'DE', 'website': 'http://www.ionos.com', 'email_contacts': ['abuse@ionos.com', 'ripe-role@oneandone.net', 'noc@net.ionos.com', 'ripe-role@net.ionos.com'], 'abuse_contacts': ['abuse@ionos.com'], 'looking_glass': None, 'traffic_estimation': '500-1000Gbps', 'traffic_ratio': 'Mostly Outbound', 'owner_address': ['Hinterm Hauptbahnhof 5', '76137', 'Karlsruhe', 'GERMANY'], 'rir_allocation': {'rir_name': 'RIPE', 'country_code': 'DE', 'date_allocated': '1997-11-26 00:00:00', 'allocation_status': 'allocated'}, 'iana_assignment': {'assignment_status': 'assigned', 'description': 'Assigned by RIPE NCC', '",0,ripe-role@net.ionos.com
franquicias alcampo,2024-01-24 17:31:22,AFFILIATE_EMAILADDR,sfp_email,"{'asn': 8560, 'name': 'IONOS-AS', 'description_short': 'This is the joint network for IONOS, Fasthosts, Arsys, 1&1 Mail and Media and 1&1 Telecom. Formerly known as 1&1 Internet SE.', 'description_full': ['This is the joint network for IONOS, Fasthosts, Arsys, 1&1 Mail and Media and 1&1 Telecom. Formerly known as 1&1 Internet SE.', '1&1 IONOS SE', 'Hinterm Hauptbahnhof 5', 'D-76137 Karlsruhe', 'Germany'], 'country_code': 'DE', 'website': 'http://www.ionos.com', 'email_contacts': ['abuse@ionos.com', 'ripe-role@oneandone.net', 'noc@net.ionos.com', 'ripe-role@net.ionos.com'], 'abuse_contacts': ['abuse@ionos.com'], 'looking_glass': None, 'traffic_estimation': '500-1000Gbps', 'traffic_ratio': 'Mostly Outbound', 'owner_address': ['Hinterm Hauptbahnhof 5', '76137', 'Karlsruhe', 'GERMANY'], 'rir_allocation': {'rir_name': 'RIPE', 'country_code': 'DE', 'date_allocated': '1997-11-26 00:00:00', 'allocation_status': 'allocated'}, 'iana_assignment': {'assignment_status': 'assigned', 'description': 'Assigned by RIPE NCC', '",0,ripe-role@oneandone.net
franquicias alcampo,2024-01-24 17:33:20,AFFILIATE_INTERNET_NAME,sfp_dnsresolve,74.125.200.26,0,sa-in-f26.1e100.net
franquicias alcampo,2024-01-24 17:33:18,AFFILIATE_DOMAIN_NAME,sfp_dnsresolve,edns01.es.tdatacenter.com,0,tdatacenter.com
franquicias alcampo,2024-01-24 17:33:21,AFFILIATE_DOMAIN_NAME,sfp_dnsresolve,ns2.telefonica-data.com,0,telefonica-data.com
franquicias alcampo,2024-01-24 17:32:37,AFFILIATE_DOMAIN_NAME,sfp_dnsresolve,esifw2.tsai.es,0,tsai.es
franquicias alcampo,2024-01-24 17:32:07,AFFILIATE_DOMAIN_NAME,sfp_dnsresolve,esifw1.tsai.es,0,tsai.es
franquicias alcampo,2024-01-24 17:32:17,AFFILIATE_DOMAIN_NAME,sfp_dnsresolve,esifw1.tsai.es,0,tsai.es
franquicias alcampo,2024-01-24 17:33:21,AFFILIATE_INTERNET_NAME,sfp_dnsresolve,64.233.167.26,0,wl-in-f26.1e100.net
franquicias alcampo,2024-01-24 17:31:02,INTERNET_NAME_UNRESOLVED,sfp_crt,franquicias.alcampo.es,0,www.franquicias.alcampo.es
franquicias alcampo,2024-01-24 17:31:05,INTERNET_NAME_UNRESOLVED,sfp_crt,franquicias.alcampo.es,0,www.franquicias.alcampo.es
franquicias alcampo,2024-01-24 17:31:06,INTERNET_NAME_UNRESOLVED,sfp_crt,franquicias.alcampo.es,0,www.franquicias.alcampo.es
franquicias alcampo,2024-01-24 17:31:06,INTERNET_NAME_UNRESOLVED,sfp_crt,franquicias.alcampo.es,0,www.franquicias.alcampo.es
franquicias alcampo,2024-01-24 17:31:07,INTERNET_NAME_UNRESOLVED,sfp_crt,franquicias.alcampo.es,0,www.franquicias.alcampo.es
franquicias alcampo,2024-01-24 17:31:26,INTERNET_NAME_UNRESOLVED,sfp_dnsresolve,"[{'issuer_ca_id': 105493, 'issuer_name': 'C=GB, ST=Greater Manchester, L=Salford, O=Sectigo Limited, CN=Sectigo RSA Domain Validation Secure Server CA', 'common_name': 'franquicias.alcampo.es', 'name_value': 'franquicias.alcampo.es', 'id': 8880652888, 'entry_timestamp': '2023-03-14T09:42:59.088', 'not_before': '2023-03-14T00:00:00', 'not_after': '2024-03-18T23:59:59', 'serial_number': '5d57cd19f313c7d87366f7145900c9f0', 'result_count': 2}, {'issuer_ca_id': 105493, 'issuer_name': 'C=GB, ST=Greater Manchester, L=Salford, O=Sectigo Limited, CN=Sectigo RSA Domain Validation Secure Server CA', 'common_name': 'franquicias.alcampo.es', 'name_value': 'franquicias.alcampo.es', 'id': 8880653097, 'entry_timestamp': '2023-03-14T09:42:55.854', 'not_before': '2023-03-14T00:00:00', 'not_after': '2024-03-18T23:59:59', 'serial_number': '5d57cd19f313c7d87366f7145900c9f0', 'result_count': 2}, {'issuer_ca_id': 105493, 'issuer_name': 'C=GB, ST=Greater Manchester, L=Salford, O=Sectigo Limited, CN=Sectigo RSA Domain Validation Secu",0,www.franquicias.alcampo.es
franquicias alcampo,2024-01-24 17:31:36,INTERNET_NAME_UNRESOLVED,sfp_dnsresolve,"Certificate:
    Data:
        Version: 3 (0x2)
        Serial Number:
            0a:b6:6a:a4:24:35:08:f9:be:c7:0a:b5:8f:0f:75:a6
        Signature Algorithm: sha256WithRSAEncryption
        Issuer: C=GB, ST=Greater Manchester, L=Salford, O=Sectigo Limited, CN=Sectigo RSA Domain Validation Secure Server CA
        Validity
            Not Before: Mar 15 00:00:00 2021 GMT
            Not After : Mar 17 23:59:59 2022 GMT
        Subject: CN=franquicias.alcampo.es
        Subject Public Key Info:
            Public Key Algorithm: rsaEncryption
                Public-Key: (2048 bit)
                Modulus:
                    00:97:d5:12:b3:07:26:84:2e:fc:6b:a3:f7:fe:fd:
                    84:1d:00:77:52:0d:76:5b:5b:f3:a3:ef:d3:57:6e:
                    67:3b:ab:a0:2b:bb:88:08:5b:9e:2a:8d:48:d4:eb:
                    7f:9f:eb:1e:da:48:1e:a4:68:5c:ae:86:ed:12:f0:
                    b5:d4:14:f0:ad:14:a9:bc:50:28:46:21:ca:39:ea:
                    8d:1a:1a:92:02:ae:89:19:f7:6a:3f:8c:81:65:10:
                ",0,www.franquicias.alcampo.es
franquicias alcampo,2024-01-24 17:32:06,INTERNET_NAME_UNRESOLVED,sfp_dnsresolve,"Certificate:
    Data:
        Version: 3 (0x2)
        Serial Number:
            18:13:94:1b:c3:a4:31:56:0d:2f:12:a5:44:a2:ba:e3
        Signature Algorithm: sha256WithRSAEncryption
        Issuer: C=GB, ST=Greater Manchester, L=Salford, O=Sectigo Limited, CN=Sectigo RSA Domain Validation Secure Server CA
        Validity
            Not Before: Mar 18 00:00:00 2019 GMT
            Not After : Mar 17 23:59:59 2021 GMT
        Subject: OU=Domain Control Validated, OU=PositiveSSL, CN=franquicias.alcampo.es
        Subject Public Key Info:
            Public Key Algorithm: rsaEncryption
                Public-Key: (2048 bit)
                Modulus:
                    00:b6:68:23:98:7c:50:31:fa:17:6e:32:a4:82:48:
                    4d:3c:17:58:eb:d3:8e:69:bc:f7:78:b4:dc:1c:ba:
                    49:b6:7a:46:ea:d6:d2:a8:c9:31:46:40:c0:26:95:
                    27:2d:89:35:2b:a0:dd:66:5d:4a:5c:a0:be:06:75:
                    97:ab:d0:79:e5:4d:d9:12:3b:4d:bb:6e:a4:76:6c:
                    92:0d:13:81:5e:2a",0,www.franquicias.alcampo.es
franquicias alcampo,2024-01-24 17:31:56,INTERNET_NAME_UNRESOLVED,sfp_dnsresolve,"Certificate:
    Data:
        Version: 3 (0x2)
        Serial Number:
            18:13:94:1b:c3:a4:31:56:0d:2f:12:a5:44:a2:ba:e3
        Signature Algorithm: sha256WithRSAEncryption
        Issuer: C=GB, ST=Greater Manchester, L=Salford, O=Sectigo Limited, CN=Sectigo RSA Domain Validation Secure Server CA
        Validity
            Not Before: Mar 18 00:00:00 2019 GMT
            Not After : Mar 17 23:59:59 2021 GMT
        Subject: OU=Domain Control Validated, OU=PositiveSSL, CN=franquicias.alcampo.es
        Subject Public Key Info:
            Public Key Algorithm: rsaEncryption
                Public-Key: (2048 bit)
                Modulus:
                    00:b6:68:23:98:7c:50:31:fa:17:6e:32:a4:82:48:
                    4d:3c:17:58:eb:d3:8e:69:bc:f7:78:b4:dc:1c:ba:
                    49:b6:7a:46:ea:d6:d2:a8:c9:31:46:40:c0:26:95:
                    27:2d:89:35:2b:a0:dd:66:5d:4a:5c:a0:be:06:75:
                    97:ab:d0:79:e5:4d:d9:12:3b:4d:bb:6e:a4:76:6c:
                    92:0d:13:81:5e:2a",0,www.franquicias.alcampo.es
franquicias alcampo,2024-01-24 17:31:46,INTERNET_NAME_UNRESOLVED,sfp_dnsresolve,"Certificate:
    Data:
        Version: 3 (0x2)
        Serial Number:
            0a:b6:6a:a4:24:35:08:f9:be:c7:0a:b5:8f:0f:75:a6
        Signature Algorithm: sha256WithRSAEncryption
        Issuer: C=GB, ST=Greater Manchester, L=Salford, O=Sectigo Limited, CN=Sectigo RSA Domain Validation Secure Server CA
        Validity
            Not Before: Mar 15 00:00:00 2021 GMT
            Not After : Mar 17 23:59:59 2022 GMT
        Subject: CN=franquicias.alcampo.es
        Subject Public Key Info:
            Public Key Algorithm: rsaEncryption
                Public-Key: (2048 bit)
                Modulus:
                    00:97:d5:12:b3:07:26:84:2e:fc:6b:a3:f7:fe:fd:
                    84:1d:00:77:52:0d:76:5b:5b:f3:a3:ef:d3:57:6e:
                    67:3b:ab:a0:2b:bb:88:08:5b:9e:2a:8d:48:d4:eb:
                    7f:9f:eb:1e:da:48:1e:a4:68:5c:ae:86:ed:12:f0:
                    b5:d4:14:f0:ad:14:a9:bc:50:28:46:21:ca:39:ea:
                    8d:1a:1a:92:02:ae:89:19:f7:6a:3f:8c:81:65:10:
                ",0,www.franquicias.alcampo.es
franquicias alcampo,2024-01-24 17:31:17,SEARCH_ENGINE_WEB_CONTENT,sfp_duckduckgo,alt3.aspmx.l.google.com,0,"{
   ""Abstract"" : ""Google Search is a search engine operated by Google. It allows users to search for information on the Internet by entering keywords or phrases. Google Search uses algorithms to analyze and rank websites based on their relevance to the search query. It is the most popular search engine worldwide. As of 2020, Google Search has a 92% share of the global search engine market. By 2012, it handled more than 3.5 billion searches per day. Google Search is the most-visited website in the world. Approximately 26.75% of Google's monthly global traffic comes from the United States, 4.44% from India, 4.4% from Brazil, 3.92% from the United Kingdom and 3.84% from Japan according to data provided by Similarweb. The order of search results returned by Google is based, in part, on a priority rank system called \""PageRank\""."",
   ""AbstractSource"" : ""Wikipedia"",
   ""AbstractText"" : ""Google Search is a search engine operated by Google. It allows users to search for information on the Internet by entering keywo"
franquicias alcampo,2024-01-24 17:31:14,RAW_RIR_DATA,sfp_robtex,82.223.25.149,0,"{""status"": ""ok"", ""act"": [{""o"": ""149.25.223.82.arsystel.com"", ""t"": 1360776718}], ""acth"": [], ""pas"": [{""o"": ""www.medical-content.net"", ""t"": 1515081272}, {""o"": ""medical-content.net"", ""t"": 1486993360}], ""pash"": [{""o"": ""biermann-akademie.de"", ""t"": 1491787813}, {""o"": ""medical-content.net"", ""t"": 1585501565}, {""o"": ""der-klinikfuehrer.de"", ""t"": 1535908411}], ""country"": ""Spain"", ""as"": 8560, ""asname"": ""ONEANDONE-AS Brauerstrasse 48"", ""asdesc"": ""AS_ARSYS-EURO-1 descr:          ========"", ""whoisdesc"": ""arsys.es"", ""routedesc"": ""arsys.es"", ""bgproute"": ""82.223.0.0/16""}"
franquicias alcampo,2024-01-24 17:31:20,RAW_RIR_DATA,sfp_bgpview,8560,0,"{'asn': 8560, 'name': 'IONOS-AS', 'description_short': 'This is the joint network for IONOS, Fasthosts, Arsys, 1&1 Mail and Media and 1&1 Telecom. Formerly known as 1&1 Internet SE.', 'description_full': ['This is the joint network for IONOS, Fasthosts, Arsys, 1&1 Mail and Media and 1&1 Telecom. Formerly known as 1&1 Internet SE.', '1&1 IONOS SE', 'Hinterm Hauptbahnhof 5', 'D-76137 Karlsruhe', 'Germany'], 'country_code': 'DE', 'website': 'http://www.ionos.com', 'email_contacts': ['abuse@ionos.com', 'ripe-role@oneandone.net', 'noc@net.ionos.com', 'ripe-role@net.ionos.com'], 'abuse_contacts': ['abuse@ionos.com'], 'looking_glass': None, 'traffic_estimation': '500-1000Gbps', 'traffic_ratio': 'Mostly Outbound', 'owner_address': ['Hinterm Hauptbahnhof 5', '76137', 'Karlsruhe', 'GERMANY'], 'rir_allocation': {'rir_name': 'RIPE', 'country_code': 'DE', 'date_allocated': '1997-11-26 00:00:00', 'allocation_status': 'allocated'}, 'iana_assignment': {'assignment_status': 'assigned', 'description': 'Assigned by RIPE NCC', '"
franquicias alcampo,2024-01-24 17:31:09,RAW_RIR_DATA,sfp_ipapico,82.223.25.149,0,"{'ip': '82.223.25.149', 'network': '82.223.0.0/18', 'version': 'IPv4', 'city': 'Logroño', 'region': 'La Rioja', 'region_code': 'RI', 'country': 'ES', 'country_name': 'Spain', 'country_code': 'ES', 'country_code_iso3': 'ESP', 'country_capital': 'Madrid', 'country_tld': '.es', 'continent_code': 'EU', 'in_eu': True, 'postal': '26006', 'latitude': 42.4626, 'longitude': -2.4133, 'timezone': 'Europe/Madrid', 'utc_offset': '+0100', 'country_calling_code': '+34', 'currency': 'EUR', 'currency_name': 'Euro', 'languages': 'es-ES,ca,gl,eu,oc', 'country_area': 504782.0, 'country_population': 46723749, 'asn': 'AS8560', 'org': 'IONOS SE'}"
franquicias alcampo,2024-01-24 17:31:12,RAW_RIR_DATA,sfp_bgpview,82.223.25.149,0,"{'ip': '82.223.25.149', 'ptr_record': None, 'prefixes': [{'prefix': '82.223.0.0/16', 'ip': '82.223.0.0', 'cidr': 16, 'asn': {'asn': 8560, 'name': 'IONOS-AS', 'description': 'This is the joint network for IONOS, Fasthosts, Arsys, 1&1 Mail and Media and 1&1 Telecom. Formerly known as 1&1 Internet SE.', 'country_code': 'DE'}, 'name': None, 'description': None, 'country_code': 'ES'}], 'rir_allocation': {'rir_name': 'RIPE', 'country_code': None, 'ip': '82.223.0.0', 'cidr': 16, 'prefix': '82.223.0.0/16', 'date_allocated': '2003-12-22 00:00:00', 'allocation_status': 'allocated'}, 'iana_assignment': {'assignment_status': 'allocated', 'description': 'RIPE NCC', 'whois_server': 'whois.ripe.net', 'date_assigned': None}, 'maxmind': {'country_code': None, 'city': None}}"
franquicias alcampo,2024-01-24 17:31:19,RAW_RIR_DATA,sfp_bgpview,82.223.0.0/16,0,"{'prefix': '82.223.0.0/16', 'ip': '82.223.0.0', 'cidr': 16, 'asns': [{'asn': 8560, 'name': 'IONOS-AS', 'description': 'This is the joint network for IONOS, Fasthosts, Arsys, 1&1 Mail and Media and 1&1 Telecom. Formerly known as 1&1 Internet SE.', 'country_code': 'DE', 'prefix_upstreams': [{'asn': 3356, 'name': 'LEVEL3', 'description': 'Level 3 Parent, LLC', 'country_code': 'US'}, {'asn': 6461, 'name': 'ZAYO-6461', 'description': 'Zayo Bandwidth', 'country_code': 'US'}, {'asn': 1299, 'name': 'TWELVE99', 'description': 'Arelion, f/k/a Telia Carrier', 'country_code': 'SE'}, {'asn': 1239, 'name': 'SPRINTLINK', 'description': 'Sprint', 'country_code': 'US'}]}], 'name': None, 'description_short': None, 'description_full': [], 'email_contacts': [], 'abuse_contacts': [], 'owner_address': [], 'country_codes': {'whois_country_code': 'ES', 'rir_allocation_country_code': None, 'maxmind_country_code': None}, 'rir_allocation': {'rir_name': 'RIPE', 'country_code': None, 'ip': '82.223.0.0', 'cidr': 16, 'prefix': '82.223.0.0/"
