Scan Name,Updated,Type,Module,Source,F/P,Data
proveedores alcampo,2024-01-24 17:26:03,BGP_AS_MEMBER,sfp_bgpview,212.80.185.182,0,12462
proveedores alcampo,2024-01-24 17:26:03,BGP_AS_MEMBER,sfp_bgpview,212.80.185.182,0,12541
proveedores alcampo,2024-01-24 17:28:47,AFFILIATE_IPADDR,sfp_dnsresolve,alt3.aspmx.l.google.com,0,142.250.150.26
proveedores alcampo,2024-01-24 17:27:57,AFFILIATE_IPADDR,sfp_dnsresolve,alt1.aspmx.l.google.com,0,142.250.153.27
proveedores alcampo,2024-01-24 17:27:46,AFFILIATE_IPADDR,sfp_dnsresolve,alt2.aspmx.l.google.com,0,142.251.9.27
proveedores alcampo,2024-01-24 17:28:50,AFFILIATE_DOMAIN_NAME,sfp_dnsresolve,rc-in-f27.1e100.net,0,1e100.net
proveedores alcampo,2024-01-24 17:26:03,NETBLOCK_MEMBER,sfp_bgpview,212.80.185.182,0,212.80.160.0/19
proveedores alcampo,2024-01-24 17:26:03,NETBLOCK_MEMBER,sfp_bgpview,212.80.185.182,0,212.80.176.0/20
proveedores alcampo,2024-01-24 17:26:03,NETBLOCK_MEMBER,sfp_bgpview,212.80.185.182,0,212.80.176.0/20
proveedores alcampo,2024-01-24 17:26:13,NETBLOCK_MEMBER,sfp_ripe,212.80.185.182,0,212.80.176.0/20
proveedores alcampo,2024-01-24 17:25:48,IP_ADDRESS,sfp_dnsresolve,proveedores.alcampo.es,0,212.80.185.182
proveedores alcampo,2024-01-24 17:28:17,AFFILIATE_IPADDR,sfp_dnsresolve,esifw1.tsai.es,0,213.0.43.37
proveedores alcampo,2024-01-24 17:28:37,AFFILIATE_IPADDR,sfp_dnsresolve,esifw2.tsai.es,0,213.4.194.5
proveedores alcampo,2024-01-24 17:26:21,PHYSICAL_COORDINATES,sfp_openstreetmap,"Isabel Colbrand, 6-8, 28050, Madrid, SPAIN",0,"40.5113612,-3.6752671"
proveedores alcampo,2024-01-24 17:26:20,PHYSICAL_COORDINATES,sfp_openstreetmap,"Isabel Colbrand, 6, 28050, Madrid, SPAIN",0,"40.5113612,-3.6752671"
proveedores alcampo,2024-01-24 17:26:21,PHYSICAL_COORDINATES,sfp_openstreetmap,"Isabel Colbrand, 6-8, 28050, Madrid, SPAIN",0,"40.5143058,-3.6715074"
proveedores alcampo,2024-01-24 17:26:20,PHYSICAL_COORDINATES,sfp_openstreetmap,"Isabel Colbrand, 6, 28050, Madrid, SPAIN",0,"40.5143058,-3.6715074"
proveedores alcampo,2024-01-24 17:28:07,AFFILIATE_IPADDR,sfp_dnsresolve,alt4.aspmx.l.google.com,0,74.125.200.26
proveedores alcampo,2024-01-24 17:28:27,AFFILIATE_IPADDR,sfp_dnsresolve,aspmx.l.google.com,0,74.125.206.27
proveedores alcampo,2024-01-24 17:26:16,BGP_AS_MEMBER,sfp_ripe,212.80.176.0/20,0,8903
proveedores alcampo,2024-01-24 17:26:03,BGP_AS_MEMBER,sfp_bgpview,212.80.185.182,0,8903
proveedores alcampo,2024-01-24 17:26:22,BGP_AS_MEMBER,sfp_ripe,212.80.160.0/19,0,8903
proveedores alcampo,2024-01-24 17:26:23,AFFILIATE_DESCRIPTION_CATEGORY,sfp_duckduckgo,alt2.aspmx.l.google.com,0,Alphabet Inc.
proveedores alcampo,2024-01-24 17:26:10,GEOINFO,sfp_ipapico,212.80.185.182,0,"Burgos, Castille and León, CL, Spain, ES"
proveedores alcampo,2024-01-24 17:25:51,SSL_CERTIFICATE_RAW,sfp_crt,proveedores.alcampo.es,0,"Certificate:
    Data:
        Version: 3 (0x2)
        Serial Number:
            04:f7:23:a8:eb:6f:bc:c7:43:14:dc:f1:ae:44:86:cf
        Signature Algorithm: sha256WithRSAEncryption
        Issuer: C=GB, ST=Greater Manchester, L=Salford, O=Sectigo Limited, CN=Sectigo RSA Domain Validation Secure Server CA
        Validity
            Not Before: Mar 17 00:00:00 2021 GMT
            Not After : Apr 17 23:59:59 2022 GMT
        Subject: CN=proveedores.alcampo.es
        Subject Public Key Info:
            Public Key Algorithm: rsaEncryption
                Public-Key: (4096 bit)
                Modulus:
                    00:b9:b7:83:e5:2d:a5:8f:29:9a:e4:ad:ea:a6:11:
                    22:ea:3b:f0:07:40:20:91:e3:55:f5:ef:32:0b:0c:
                    0b:f8:51:36:95:1d:61:da:8e:e1:59:25:85:28:c3:
                    06:36:3f:58:de:92:98:e3:8c:d5:39:3a:25:f3:82:
                    32:28:2e:48:9f:4c:c9:8d:5d:e7:c7:3d:80:c2:1b:
                    05:76:fc:66:1d:31:04:06:a3:28:fc:cd:8d:a1:31:
                "
proveedores alcampo,2024-01-24 17:25:51,SSL_CERTIFICATE_RAW,sfp_crt,proveedores.alcampo.es,0,"Certificate:
    Data:
        Version: 3 (0x2)
        Serial Number:
            04:f7:23:a8:eb:6f:bc:c7:43:14:dc:f1:ae:44:86:cf
        Signature Algorithm: sha256WithRSAEncryption
        Issuer: C=GB, ST=Greater Manchester, L=Salford, O=Sectigo Limited, CN=Sectigo RSA Domain Validation Secure Server CA
        Validity
            Not Before: Mar 17 00:00:00 2021 GMT
            Not After : Apr 17 23:59:59 2022 GMT
        Subject: CN=proveedores.alcampo.es
        Subject Public Key Info:
            Public Key Algorithm: rsaEncryption
                Public-Key: (4096 bit)
                Modulus:
                    00:b9:b7:83:e5:2d:a5:8f:29:9a:e4:ad:ea:a6:11:
                    22:ea:3b:f0:07:40:20:91:e3:55:f5:ef:32:0b:0c:
                    0b:f8:51:36:95:1d:61:da:8e:e1:59:25:85:28:c3:
                    06:36:3f:58:de:92:98:e3:8c:d5:39:3a:25:f3:82:
                    32:28:2e:48:9f:4c:c9:8d:5d:e7:c7:3d:80:c2:1b:
                    05:76:fc:66:1d:31:04:06:a3:28:fc:cd:8d:a1:31:
                "
proveedores alcampo,2024-01-24 17:25:56,SSL_CERTIFICATE_RAW,sfp_crt,proveedores.alcampo.es,0,"Certificate:
    Data:
        Version: 3 (0x2)
        Serial Number:
            1b:54:33:2c:eb:51:88:ea:7a:b5:f2:b6:8f:34:c3:5f
        Signature Algorithm: sha1WithRSAEncryption
        Issuer: C=US, O=VeriSign, Inc., OU=VeriSign Trust Network, OU=Terms of use at https:\/\/www.verisign.com\/rpa (c)10, CN=VeriSign Class 3 International Server CA - G3
        Validity
            Not Before: Jul 18 00:00:00 2013 GMT
            Not After : Sep 16 23:59:59 2014 GMT
        Subject: C=ES, ST=Madrid, L=Madrid, O=Alcampo S.A., OU=Informatica, OU=Terms of use at www.verisign.com\/rpa (c)05, CN=proveedores.alcampo.es
        Subject Public Key Info:
            Public Key Algorithm: rsaEncryption
                Public-Key: (2048 bit)
                Modulus:
                    00:b8:ea:b2:c5:9c:01:ed:c6:10:ee:fb:2a:5f:04:
                    16:85:73:80:08:16:80:89:1a:48:0a:4e:b3:93:e2:
                    7f:84:d9:7a:4b:27:62:e0:d9:43:c1:1d:44:89:45:
                    56:80:5f:b3:75:ed:22:b1:03:dd:b4:78:71:3"
proveedores alcampo,2024-01-24 17:25:54,SSL_CERTIFICATE_RAW,sfp_crt,proveedores.alcampo.es,0,"Certificate:
    Data:
        Version: 3 (0x2)
        Serial Number:
            1e:a1:5a:a9:a0:f7:e6:f5:91:ed:4a:48:7a:0f:5a:a8
        Signature Algorithm: sha1WithRSAEncryption
        Issuer: C=US, O=VeriSign, Inc., OU=VeriSign Trust Network, OU=Terms of use at https:\/\/www.verisign.com\/rpa (c)10, CN=VeriSign Class 3 International Server CA - G3
        Validity
            Not Before: Jul 19 00:00:00 2011 GMT
            Not After : Jul 28 23:59:59 2012 GMT
        Subject: C=ES, ST=Madrid, L=Madrid, O=Alcampo S.A., OU=Informatica, OU=Terms of use at www.verisign.com\/rpa (c)05, CN=proveedores.alcampo.es
        Subject Public Key Info:
            Public Key Algorithm: rsaEncryption
                Public-Key: (2048 bit)
                Modulus:
                    00:a0:df:0b:0f:ae:e6:2a:2c:62:46:ca:6b:8c:be:
                    d9:90:7e:88:d5:53:44:0b:51:ca:35:79:a4:08:fc:
                    ef:31:43:9a:3f:74:0a:80:47:99:bc:3a:48:b9:d1:
                    77:62:bf:ae:03:d1:25:9d:4e:b3:c2:53:07:d"
proveedores alcampo,2024-01-24 17:25:57,SSL_CERTIFICATE_RAW,sfp_crt,proveedores.alcampo.es,0,"Certificate:
    Data:
        Version: 3 (0x2)
        Serial Number:
            21:04:08:33:22:91:c9:85:84:03:88:87:fe:67:90:57
        Signature Algorithm: sha1WithRSAEncryption
        Issuer: C=US, O=VeriSign, Inc., OU=VeriSign Trust Network, OU=Terms of use at https:\/\/www.verisign.com\/rpa (c)10, CN=VeriSign Class 3 International Server CA - G3
        Validity
            Not Before: Jul 26 00:00:00 2012 GMT
            Not After : Aug 25 23:59:59 2013 GMT
        Subject: C=ES, ST=Madrid, L=Madrid, O=Alcampo S.A., OU=Informatica, OU=Terms of use at www.verisign.com\/rpa (c)05, CN=proveedores.alcampo.es
        Subject Public Key Info:
            Public Key Algorithm: rsaEncryption
                Public-Key: (2048 bit)
                Modulus:
                    00:a0:df:0b:0f:ae:e6:2a:2c:62:46:ca:6b:8c:be:
                    d9:90:7e:88:d5:53:44:0b:51:ca:35:79:a4:08:fc:
                    ef:31:43:9a:3f:74:0a:80:47:99:bc:3a:48:b9:d1:
                    77:62:bf:ae:03:d1:25:9d:4e:b3:c2:53:07:d"
proveedores alcampo,2024-01-24 17:25:52,SSL_CERTIFICATE_RAW,sfp_crt,proveedores.alcampo.es,0,"Certificate:
    Data:
        Version: 3 (0x2)
        Serial Number:
            21:63:b5:a9:9d:5a:cb:f8:f8:a6:f6:68:ed:e3:45:1e
        Signature Algorithm: sha1WithRSAEncryption
        Issuer: O=VeriSign Trust Network, OU=VeriSign, Inc., OU=VeriSign International Server CA - Class 3, OU=www.verisign.com\/CPS Incorp.by Ref. LIABILITY LTD.(c)97 VeriSign
        Validity
            Not Before: Jun 28 00:00:00 2010 GMT
            Not After : Jun 28 23:59:59 2011 GMT
        Subject: C=ES, ST=Madrid, L=Madrid, O=Alcampo S.A., OU=Informatica, OU=Terms of use at www.verisign.com\/rpa (c)05, CN=proveedores.alcampo.es
        Subject Public Key Info:
            Public Key Algorithm: rsaEncryption
                Public-Key: (1024 bit)
                Modulus:
                    00:96:1b:39:bf:ff:4a:5d:a6:9b:80:3d:ad:40:1e:
                    27:fe:65:6c:9b:d2:58:fc:ab:e3:15:d2:5b:ac:bc:
                    2c:ba:a8:52:c1:a8:7e:16:6c:fc:00:cb:d8:79:b2:
                    c1:c5:06:4d:e4:3f:48:ca:1d:f1:31:a2:a"
proveedores alcampo,2024-01-24 17:25:55,SSL_CERTIFICATE_RAW,sfp_crt,proveedores.alcampo.es,0,"Certificate:
    Data:
        Version: 3 (0x2)
        Serial Number:
            34:de:f3:f6:25:93:c7:b6:2b:b9:ab:4e:ea:b0:eb:68
        Signature Algorithm: sha1WithRSAEncryption
        Issuer: C=US, O=VeriSign, Inc., OU=VeriSign Trust Network, OU=Terms of use at https:\/\/www.verisign.com\/rpa (c)10, CN=VeriSign Class 3 International Server CA - G3
        Validity
            Not Before: Sep 17 00:00:00 2014 GMT
            Not After : Oct 16 23:59:59 2015 GMT
        Subject: C=ES, ST=Madrid, L=Madrid, O=Alcampo S.A., OU=Informatica, CN=proveedores.alcampo.es
        Subject Public Key Info:
            Public Key Algorithm: rsaEncryption
                Public-Key: (2048 bit)
                Modulus:
                    00:da:d1:eb:5a:03:48:ee:05:1a:b0:3e:42:b9:c8:
                    58:38:08:eb:3e:4d:62:b5:bb:12:44:b0:53:b3:b9:
                    8f:6e:67:85:09:ae:b0:11:9b:36:57:8f:1f:2f:99:
                    d7:00:b2:b8:9f:f7:3c:13:8e:aa:f5:64:b8:34:01:
                    df:11:89:02:61:50:16:b"
proveedores alcampo,2024-01-24 17:25:55,SSL_CERTIFICATE_RAW,sfp_crt,proveedores.alcampo.es,0,"Certificate:
    Data:
        Version: 3 (0x2)
        Serial Number:
            35:2e:10:19:ad:b9:c1:b8:76:18:70:f1:1b:89:25:e9
        Signature Algorithm: sha256WithRSAEncryption
        Issuer: C=US, O=Symantec Corporation, OU=Symantec Trust Network, CN=Symantec Class 3 Secure Server CA - G4
        Validity
            Not Before: Oct 27 00:00:00 2015 GMT
            Not After : Nov 30 23:59:59 2016 GMT
        Subject: C=ES, ST=Madrid, L=Madrid, O=Alcampo S.A., OU=Informatica, CN=proveedores.alcampo.es
        Subject Public Key Info:
            Public Key Algorithm: rsaEncryption
                Public-Key: (2048 bit)
                Modulus:
                    00:b3:44:6f:7e:80:c1:24:23:9a:d8:f2:49:b0:89:
                    ac:97:c6:76:a5:69:8a:8a:4d:8b:cb:be:ff:23:38:
                    7b:ab:6a:5f:69:4d:b2:d3:33:93:14:d6:f3:80:c2:
                    c9:6b:65:e2:41:c3:2f:12:d4:7e:da:8c:b4:8c:de:
                    ec:73:0f:13:52:54:fb:69:6d:a2:92:3f:fc:8c:9a:
                    91:d1:91:14:2"
proveedores alcampo,2024-01-24 17:25:50,SSL_CERTIFICATE_RAW,sfp_crt,proveedores.alcampo.es,0,"Certificate:
    Data:
        Version: 3 (0x2)
        Serial Number:
            8f:f1:bd:ac:14:4d:fe:29:50:3b:f5:33:15:75:76:20
        Signature Algorithm: sha256WithRSAEncryption
        Issuer: C=GB, ST=Greater Manchester, L=Salford, O=Sectigo Limited, CN=Sectigo RSA Domain Validation Secure Server CA
        Validity
            Not Before: Apr 13 00:00:00 2022 GMT
            Not After : Apr 16 23:59:59 2023 GMT
        Subject: CN=proveedores.alcampo.es
        Subject Public Key Info:
            Public Key Algorithm: rsaEncryption
                Public-Key: (4096 bit)
                Modulus:
                    00:b9:b7:83:e5:2d:a5:8f:29:9a:e4:ad:ea:a6:11:
                    22:ea:3b:f0:07:40:20:91:e3:55:f5:ef:32:0b:0c:
                    0b:f8:51:36:95:1d:61:da:8e:e1:59:25:85:28:c3:
                    06:36:3f:58:de:92:98:e3:8c:d5:39:3a:25:f3:82:
                    32:28:2e:48:9f:4c:c9:8d:5d:e7:c7:3d:80:c2:1b:
                    05:76:fc:66:1d:31:04:06:a3:28:fc:cd:8d:a1:31:
                "
proveedores alcampo,2024-01-24 17:25:50,SSL_CERTIFICATE_RAW,sfp_crt,proveedores.alcampo.es,0,"Certificate:
    Data:
        Version: 3 (0x2)
        Serial Number:
            8f:f1:bd:ac:14:4d:fe:29:50:3b:f5:33:15:75:76:20
        Signature Algorithm: sha256WithRSAEncryption
        Issuer: C=GB, ST=Greater Manchester, L=Salford, O=Sectigo Limited, CN=Sectigo RSA Domain Validation Secure Server CA
        Validity
            Not Before: Apr 13 00:00:00 2022 GMT
            Not After : Apr 16 23:59:59 2023 GMT
        Subject: CN=proveedores.alcampo.es
        Subject Public Key Info:
            Public Key Algorithm: rsaEncryption
                Public-Key: (4096 bit)
                Modulus:
                    00:b9:b7:83:e5:2d:a5:8f:29:9a:e4:ad:ea:a6:11:
                    22:ea:3b:f0:07:40:20:91:e3:55:f5:ef:32:0b:0c:
                    0b:f8:51:36:95:1d:61:da:8e:e1:59:25:85:28:c3:
                    06:36:3f:58:de:92:98:e3:8c:d5:39:3a:25:f3:82:
                    32:28:2e:48:9f:4c:c9:8d:5d:e7:c7:3d:80:c2:1b:
                    05:76:fc:66:1d:31:04:06:a3:28:fc:cd:8d:a1:31:
                "
proveedores alcampo,2024-01-24 17:25:53,SSL_CERTIFICATE_RAW,sfp_crt,proveedores.alcampo.es,0,"Certificate:
    Data:
        Version: 3 (0x2)
        Serial Number:
            d6:f7:44:62:03:b9:72:cc:b2:95:92:1f:6f:a8:bc:e7
        Signature Algorithm: sha256WithRSAEncryption
        Issuer: C=GB, ST=Greater Manchester, L=Salford, O=COMODO CA Limited, CN=COMODO RSA Domain Validation Secure Server CA
        Validity
            Not Before: Dec 18 00:00:00 2017 GMT
            Not After : Mar 17 23:59:59 2021 GMT
        Subject: OU=Domain Control Validated, OU=PositiveSSL, CN=proveedores.alcampo.es
        Subject Public Key Info:
            Public Key Algorithm: rsaEncryption
                Public-Key: (4096 bit)
                Modulus:
                    00:b9:b7:83:e5:2d:a5:8f:29:9a:e4:ad:ea:a6:11:
                    22:ea:3b:f0:07:40:20:91:e3:55:f5:ef:32:0b:0c:
                    0b:f8:51:36:95:1d:61:da:8e:e1:59:25:85:28:c3:
                    06:36:3f:58:de:92:98:e3:8c:d5:39:3a:25:f3:82:
                    32:28:2e:48:9f:4c:c9:8d:5d:e7:c7:3d:80:c2:1b:
                    05:76:fc:66:1d:3"
proveedores alcampo,2024-01-24 17:25:48,SSL_CERTIFICATE_RAW,sfp_crt,proveedores.alcampo.es,0,"Certificate:
    Data:
        Version: 3 (0x2)
        Serial Number:
            e1:31:00:66:80:7d:9e:2a:cc:3a:08:87:35:b3:23:95
        Signature Algorithm: sha256WithRSAEncryption
        Issuer: C=GB, ST=Greater Manchester, L=Salford, O=Sectigo Limited, CN=Sectigo RSA Domain Validation Secure Server CA
        Validity
            Not Before: Apr 13 00:00:00 2023 GMT
            Not After : May 13 23:59:59 2024 GMT
        Subject: CN=proveedores.alcampo.es
        Subject Public Key Info:
            Public Key Algorithm: rsaEncryption
                Public-Key: (4096 bit)
                Modulus:
                    00:b9:b7:83:e5:2d:a5:8f:29:9a:e4:ad:ea:a6:11:
                    22:ea:3b:f0:07:40:20:91:e3:55:f5:ef:32:0b:0c:
                    0b:f8:51:36:95:1d:61:da:8e:e1:59:25:85:28:c3:
                    06:36:3f:58:de:92:98:e3:8c:d5:39:3a:25:f3:82:
                    32:28:2e:48:9f:4c:c9:8d:5d:e7:c7:3d:80:c2:1b:
                    05:76:fc:66:1d:31:04:06:a3:28:fc:cd:8d:a1:31:
                "
proveedores alcampo,2024-01-24 17:25:49,SSL_CERTIFICATE_RAW,sfp_crt,proveedores.alcampo.es,0,"Certificate:
    Data:
        Version: 3 (0x2)
        Serial Number:
            e1:31:00:66:80:7d:9e:2a:cc:3a:08:87:35:b3:23:95
        Signature Algorithm: sha256WithRSAEncryption
        Issuer: C=GB, ST=Greater Manchester, L=Salford, O=Sectigo Limited, CN=Sectigo RSA Domain Validation Secure Server CA
        Validity
            Not Before: Apr 13 00:00:00 2023 GMT
            Not After : May 13 23:59:59 2024 GMT
        Subject: CN=proveedores.alcampo.es
        Subject Public Key Info:
            Public Key Algorithm: rsaEncryption
                Public-Key: (4096 bit)
                Modulus:
                    00:b9:b7:83:e5:2d:a5:8f:29:9a:e4:ad:ea:a6:11:
                    22:ea:3b:f0:07:40:20:91:e3:55:f5:ef:32:0b:0c:
                    0b:f8:51:36:95:1d:61:da:8e:e1:59:25:85:28:c3:
                    06:36:3f:58:de:92:98:e3:8c:d5:39:3a:25:f3:82:
                    32:28:2e:48:9f:4c:c9:8d:5d:e7:c7:3d:80:c2:1b:
                    05:76:fc:66:1d:31:04:06:a3:28:fc:cd:8d:a1:31:
                "
proveedores alcampo,2024-01-24 17:25:53,SSL_CERTIFICATE_RAW,sfp_crt,proveedores.alcampo.es,0,"Certificate:
    Data:
        Version: 3 (0x2)
        Serial Number:
            f7:74:eb:fc:5d:ce:7d:4f:20:94:5c:3e:ea:91:3b:82
        Signature Algorithm: sha256WithRSAEncryption
        Issuer: C=GB, ST=Greater Manchester, L=Salford, O=COMODO CA Limited, CN=COMODO RSA Domain Validation Secure Server CA
        Validity
            Not Before: Nov 28 00:00:00 2016 GMT
            Not After : Nov 30 23:59:59 2017 GMT
        Subject: OU=Domain Control Validated, OU=PositiveSSL, CN=proveedores.alcampo.es
        Subject Public Key Info:
            Public Key Algorithm: rsaEncryption
                Public-Key: (4096 bit)
                Modulus:
                    00:b9:b7:83:e5:2d:a5:8f:29:9a:e4:ad:ea:a6:11:
                    22:ea:3b:f0:07:40:20:91:e3:55:f5:ef:32:0b:0c:
                    0b:f8:51:36:95:1d:61:da:8e:e1:59:25:85:28:c3:
                    06:36:3f:58:de:92:98:e3:8c:d5:39:3a:25:f3:82:
                    32:28:2e:48:9f:4c:c9:8d:5d:e7:c7:3d:80:c2:1b:
                    05:76:fc:66:1d:3"
proveedores alcampo,2024-01-24 17:26:23,AFFILIATE_DESCRIPTION_CATEGORY,sfp_duckduckgo,alt2.aspmx.l.google.com,0,Dragonfly (search engine) - The Dragonfly project was an Internet search engine prototype created by Google that was designed to be compatible with China's state censorship provisions.
proveedores alcampo,2024-01-24 17:26:15,WEB_ANALYTICS_ID,sfp_webanalytics,_globalsign-domain-verification=zB31GMhR9nIJvr8jz3NfOWcUMf0rQ_bS7My4I5VWd_,0,GlobalSign Site Verification: zB31GMhR9nIJvr8jz3NfOWcUMf0rQ_bS7My4I5VWd_
proveedores alcampo,2024-01-24 17:26:23,AFFILIATE_DESCRIPTION_CATEGORY,sfp_duckduckgo,alt2.aspmx.l.google.com,0,"Google (verb) - Owing to the dominance of the Google search engine, to google has become a transitive verb. The neologism commonly refers to searching for information on the World Wide Web, typically using the Google search engine. The American Dialect Society chose it as the ""most useful word of 2002""."
proveedores alcampo,2024-01-24 17:26:23,AFFILIATE_DESCRIPTION_CATEGORY,sfp_duckduckgo,alt2.aspmx.l.google.com,0,Google Panda - Google's Google Panda is a major change to the company's search results ranking algorithm that was first released in February 2011.
proveedores alcampo,2024-01-24 17:26:23,AFFILIATE_DESCRIPTION_CATEGORY,sfp_duckduckgo,alt2.aspmx.l.google.com,0,"Google Penguin - Google Penguin was a codename for a Google algorithm update that was first announced on April 24, 2012."
proveedores alcampo,2024-01-24 17:26:23,AFFILIATE_DESCRIPTION_CATEGORY,sfp_duckduckgo,alt2.aspmx.l.google.com,0,Google Search Category
proveedores alcampo,2024-01-24 17:26:23,AFFILIATE_DESCRIPTION_ABSTRACT,sfp_duckduckgo,alt2.aspmx.l.google.com,0,"Google Search is a search engine operated by Google. It allows users to search for information on the Internet by entering keywords or phrases. Google Search uses algorithms to analyze and rank websites based on their relevance to the search query. It is the most popular search engine worldwide. As of 2020, Google Search has a 92% share of the global search engine market. By 2012, it handled more than 3.5 billion searches per day. Google Search is the most-visited website in the world. Approximately 26.75% of Google's monthly global traffic comes from the United States, 4.44% from India, 4.4% from Brazil, 3.92% from the United Kingdom and 3.84% from Japan according to data provided by Similarweb. The order of search results returned by Google is based, in part, on a priority rank system called ""PageRank""."
proveedores alcampo,2024-01-24 17:26:23,AFFILIATE_DESCRIPTION_CATEGORY,sfp_duckduckgo,alt2.aspmx.l.google.com,0,"Google bombing - The terms Google bombing and Googlewashing refer to the practice of causing a website to rank highly in web search engine results for irrelevant, unrelated or off-topic search terms by linking heavily."
proveedores alcampo,2024-01-24 17:26:23,AFFILIATE_DESCRIPTION_CATEGORY,sfp_duckduckgo,alt2.aspmx.l.google.com,0,Google services
proveedores alcampo,2024-01-24 17:26:23,AFFILIATE_DESCRIPTION_CATEGORY,sfp_duckduckgo,alt2.aspmx.l.google.com,0,Internet search engines
proveedores alcampo,2024-01-24 17:26:15,PHYSICAL_ADDRESS,sfp_bgpview,8903,0,"Isabel Colbrand, 6, 28050, Madrid, SPAIN"
proveedores alcampo,2024-01-24 17:26:21,PHYSICAL_ADDRESS,sfp_bgpview,12541,0,"Isabel Colbrand, 6, 28050, Madrid, SPAIN"
proveedores alcampo,2024-01-24 17:26:19,PHYSICAL_ADDRESS,sfp_bgpview,212.80.176.0/20,0,"Isabel Colbrand, 6-8, 28050, Madrid, SPAIN"
proveedores alcampo,2024-01-24 17:26:23,PHYSICAL_ADDRESS,sfp_bgpview,12462,0,"Isabel Colbrand, 6-8, 28050, Madrid, SPAIN"
proveedores alcampo,2024-01-24 17:26:25,PHYSICAL_ADDRESS,sfp_bgpview,212.80.160.0/19,0,"Isabel Colbrand, 6-8, 28050, Madrid, SPAIN"
proveedores alcampo,2024-01-24 17:26:23,AFFILIATE_DESCRIPTION_CATEGORY,sfp_duckduckgo,alt2.aspmx.l.google.com,0,Multilingual websites
proveedores alcampo,2024-01-24 17:26:23,AFFILIATE_DESCRIPTION_CATEGORY,sfp_duckduckgo,alt2.aspmx.l.google.com,0,Music search engines
proveedores alcampo,2024-01-24 17:28:09,COUNTRY_NAME,sfp_countryname,tsai.es,0,Spain
proveedores alcampo,2024-01-24 17:26:16,COUNTRY_NAME,sfp_countryname,"Burgos, Castille and León, CL, Spain, ES",0,Spain
proveedores alcampo,2024-01-24 17:26:23,AFFILIATE_DESCRIPTION_CATEGORY,sfp_duckduckgo,alt2.aspmx.l.google.com,0,"Timeline of Google Search - Google Search, offered by Google, is the most widely used search engine on the World Wide Web as of 2023, with over eight billion searches a day. This page covers key events in the history of Google's search service."
proveedores alcampo,2024-01-24 17:28:51,COUNTRY_NAME,sfp_countryname,tdatacenter.com,0,United States
proveedores alcampo,2024-01-24 17:27:37,COUNTRY_NAME,sfp_countryname,google.com,0,United States
proveedores alcampo,2024-01-24 17:28:50,COUNTRY_NAME,sfp_countryname,1e100.net,0,United States
proveedores alcampo,2024-01-24 17:28:52,COUNTRY_NAME,sfp_countryname,telefonica-data.com,0,United States
proveedores alcampo,2024-01-24 17:25:57,DNS_TEXT,sfp_dnsraw,alcampo.es,0,Validity-Domain-Verification=YTIDS786dsuhJa0u455
proveedores alcampo,2024-01-24 17:26:23,AFFILIATE_DESCRIPTION_CATEGORY,sfp_duckduckgo,alt2.aspmx.l.google.com,0,Websites which mirror Wikipedia
proveedores alcampo,2024-01-24 17:26:16,HASH,sfp_hashes,"alcampo.es. 5 IN TXT ""_globalsign-domain-verification=zB31GMhR9nIJvr8jz3NfOWcUMf0rQ_bS7My4I5VWd_""
alcampo.es. 5 IN TXT ""Validity-Domain-Verification=YTIDS786dsuhJa0u455""
alcampo.es. 5 IN TXT ""globalsign-domain-verification=29a8d94e50a428b889656bad17b98350""
alcampo.es. 5 IN TXT ""ca3-a50560ab2bf94355ab8c0003134787d1""",0,[MD5] 29a8d94e50a428b889656bad17b98350
proveedores alcampo,2024-01-24 17:26:16,HASH,sfp_hashes,"alcampo.es. 5 IN TXT ""_globalsign-domain-verification=zB31GMhR9nIJvr8jz3NfOWcUMf0rQ_bS7My4I5VWd_""
alcampo.es. 5 IN TXT ""Validity-Domain-Verification=YTIDS786dsuhJa0u455""
alcampo.es. 5 IN TXT ""globalsign-domain-verification=29a8d94e50a428b889656bad17b98350""
alcampo.es. 5 IN TXT ""ca3-a50560ab2bf94355ab8c0003134787d1""",0,[MD5] a50560ab2bf94355ab8c0003134787d1
proveedores alcampo,2024-01-24 17:25:38,RAW_RIR_DATA,sfp_crt,proveedores.alcampo.es,0,"[{'issuer_ca_id': 105493, 'issuer_name': 'C=GB, ST=Greater Manchester, L=Salford, O=Sectigo Limited, CN=Sectigo RSA Domain Validation Secure Server CA', 'common_name': 'proveedores.alcampo.es', 'name_value': 'proveedores.alcampo.es\nwww.proveedores.alcampo.es', 'id': 9136314175, 'entry_timestamp': '2023-04-13T09:57:40.429', 'not_before': '2023-04-13T00:00:00', 'not_after': '2024-05-13T23:59:59', 'serial_number': '00e1310066807d9e2acc3a088735b32395', 'result_count': 3}, {'issuer_ca_id': 105493, 'issuer_name': 'C=GB, ST=Greater Manchester, L=Salford, O=Sectigo Limited, CN=Sectigo RSA Domain Validation Secure Server CA', 'common_name': 'proveedores.alcampo.es', 'name_value': 'proveedores.alcampo.es\nwww.proveedores.alcampo.es', 'id': 9136314203, 'entry_timestamp': '2023-04-13T09:57:39.292', 'not_before': '2023-04-13T00:00:00', 'not_after': '2024-05-13T23:59:59', 'serial_number': '00e1310066807d9e2acc3a088735b32395', 'result_count': 3}, {'issuer_ca_id': 105493, 'issuer_name': 'C=GB, ST=Greater Manchester, L=Salfo"
proveedores alcampo,2024-01-24 17:25:57,DNS_TEXT,sfp_dnsraw,alcampo.es,0,_globalsign-domain-verification=zB31GMhR9nIJvr8jz3NfOWcUMf0rQ_bS7My4I5VWd_
proveedores alcampo,2024-01-24 17:26:27,AFFILIATE_EMAILADDR,sfp_email,"{'prefix': '212.80.160.0/19', 'ip': '212.80.160.0', 'cidr': 19, 'asns': [{'asn': 12462, 'name': 'ECE-MAD-DATA', 'description': 'Evolutio_Cloud_Enabler_Madrid_Datacenter', 'country_code': 'ES', 'prefix_upstreams': [{'asn': 12541, 'name': 'EBC_Inner_AS', 'description': 'Evolutio Business Connectivity Autonomous System', 'country_code': 'ES'}]}], 'name': 'ES-EVOLUTIO-19990707', 'description_short': 'EVOLUTIO CLOUD ENABLER S.A. UNIPERSONAL', 'description_full': ['EVOLUTIO CLOUD ENABLER S.A. UNIPERSONAL'], 'email_contacts': ['abuse@evolutio.com', 'bt.igs.secondlevel@bt.com', 'tomas.pellicer@evolutio.com', 'raul.mateo@evolutio.com', 'juan.ruiz@evolutio.com', 'julian.delpozo@evolutio.com'], 'abuse_contacts': ['abuse@evolutio.com'], 'owner_address': ['Isabel Colbrand', '6-8', '28050', 'Madrid', 'SPAIN'], 'country_codes': {'whois_country_code': 'ES', 'rir_allocation_country_code': None, 'maxmind_country_code': None}, 'rir_allocation': {'rir_name': 'RIPE', 'country_code': None, 'ip': '212.80.160.0', 'cidr': 19, 'prefix",0,abuse@evolutio.com
proveedores alcampo,2024-01-24 17:26:26,AFFILIATE_EMAILADDR,sfp_email,"{'asn': 8903, 'name': 'AS8903', 'description_short': 'Evolutio Business Connectivity. Network infrastructure & Peering.', 'description_full': ['Evolutio Business Connectivity. Network infrastructure & Peering.'], 'country_code': 'ES', 'website': 'http://www.evolutio.com', 'email_contacts': ['abuse@evolutio.com', 'adminripe@evolutio.com', 'julian.delpozo@evolutio.com', 'juan.ruiz@evolutio.com', 'tomas.pellicer@evolutio.com', 'raul.mateo@evolutio.com', 'juancarlos.perez@evolutio.com'], 'abuse_contacts': ['abuse@evolutio.com'], 'looking_glass': None, 'traffic_estimation': None, 'traffic_ratio': 'Balanced', 'owner_address': ['Isabel Colbrand', '6', '28050', 'Madrid', 'SPAIN'], 'rir_allocation': {'rir_name': 'RIPE', 'country_code': 'ES', 'date_allocated': '1998-07-24 00:00:00', 'allocation_status': 'allocated'}, 'iana_assignment': {'assignment_status': 'assigned', 'description': 'Assigned by RIPE NCC', 'whois_server': 'whois.ripe.net', 'date_assigned': None}, 'date_updated': '2024-01-23 05:48:27'}",0,abuse@evolutio.com
proveedores alcampo,2024-01-24 17:26:26,AFFILIATE_EMAILADDR,sfp_email,"{'prefix': '212.80.176.0/20', 'ip': '212.80.176.0', 'cidr': 20, 'asns': [{'asn': 12541, 'name': 'EBC_Inner_AS', 'description': 'Evolutio Business Connectivity Autonomous System', 'country_code': 'ES', 'prefix_upstreams': [{'asn': 3320, 'name': 'DTAG', 'description': 'Internet service provider operations', 'country_code': 'DE'}, {'asn': 3257, 'name': 'GTT-BACKBONE', 'description': 'GTT', 'country_code': 'US'}, {'asn': 174, 'name': 'COGENT-174', 'description': 'Cogent Communications', 'country_code': 'US'}]}], 'name': 'ES-EVOLUTIO-19990707', 'description_short': 'EVOLUTIO CLOUD ENABLER S.A. UNIPERSONAL', 'description_full': ['EVOLUTIO CLOUD ENABLER S.A. UNIPERSONAL'], 'email_contacts': ['abuse@evolutio.com', 'bt.igs.secondlevel@bt.com', 'tomas.pellicer@evolutio.com', 'raul.mateo@evolutio.com', 'juan.ruiz@evolutio.com', 'julian.delpozo@evolutio.com'], 'abuse_contacts': ['abuse@evolutio.com'], 'owner_address': ['Isabel Colbrand', '6-8', '28050', 'Madrid', 'SPAIN'], 'country_codes': {'whois_country_code': 'ES', 'r",0,abuse@evolutio.com
proveedores alcampo,2024-01-24 17:26:27,AFFILIATE_EMAILADDR,sfp_email,"{'asn': 12462, 'name': 'ECE-MAD-DATA', 'description_short': 'Evolutio_Cloud_Enabler_Madrid_Datacenter', 'description_full': ['Evolutio_Cloud_Enabler_Madrid_Datacenter'], 'country_code': 'ES', 'website': None, 'email_contacts': ['abuse@evolutio.com', 'raul.hernandez@evolutio.com', 'jesus.sanchez@evolutio.com', 'raul.izquierdodiaz@evolutio.com'], 'abuse_contacts': ['abuse@evolutio.com'], 'looking_glass': None, 'traffic_estimation': None, 'traffic_ratio': None, 'owner_address': ['Isabel Colbrand', '6-8', '28050', 'Madrid', 'SPAIN'], 'rir_allocation': {'rir_name': 'RIPE', 'country_code': 'ES', 'date_allocated': '1999-06-01 00:00:00', 'allocation_status': 'allocated'}, 'iana_assignment': {'assignment_status': 'assigned', 'description': 'Assigned by RIPE NCC', 'whois_server': 'whois.ripe.net', 'date_assigned': None}, 'date_updated': '2024-01-15 04:26:52'}",0,abuse@evolutio.com
proveedores alcampo,2024-01-24 17:26:27,AFFILIATE_EMAILADDR,sfp_email,"{'asn': 12541, 'name': 'EBC_Inner_AS', 'description_short': 'Evolutio Business Connectivity Autonomous System', 'description_full': ['Evolutio Business Connectivity Autonomous System'], 'country_code': 'ES', 'website': 'https://www.evolutio.com', 'email_contacts': ['abuse@evolutio.com', 'adminripe@evolutio.com', 'it.infraestructure.spain@evolutio.com', 'tomas.pellicer@evolutio.com', 'raul.mateo@evolutio.com', 'juan.ruiz@evolutio.com', 'julian.delpozo@evolutio.com', 'juancarlos.perez@evolutio.com'], 'abuse_contacts': ['abuse@evolutio.com'], 'looking_glass': None, 'traffic_estimation': None, 'traffic_ratio': 'Not Disclosed', 'owner_address': ['Isabel Colbrand', '6', '28050', 'Madrid', 'SPAIN'], 'rir_allocation': {'rir_name': 'RIPE', 'country_code': 'ES', 'date_allocated': '1999-07-07 00:00:00', 'allocation_status': 'allocated'}, 'iana_assignment': {'assignment_status': 'assigned', 'description': 'Assigned by RIPE NCC', 'whois_server': 'whois.ripe.net', 'date_assigned': None}, 'date_updated': '2024-01-19 06:32:1",0,abuse@evolutio.com
proveedores alcampo,2024-01-24 17:26:26,AFFILIATE_EMAILADDR,sfp_email,"{'asn': 8903, 'name': 'AS8903', 'description_short': 'Evolutio Business Connectivity. Network infrastructure & Peering.', 'description_full': ['Evolutio Business Connectivity. Network infrastructure & Peering.'], 'country_code': 'ES', 'website': 'http://www.evolutio.com', 'email_contacts': ['abuse@evolutio.com', 'adminripe@evolutio.com', 'julian.delpozo@evolutio.com', 'juan.ruiz@evolutio.com', 'tomas.pellicer@evolutio.com', 'raul.mateo@evolutio.com', 'juancarlos.perez@evolutio.com'], 'abuse_contacts': ['abuse@evolutio.com'], 'looking_glass': None, 'traffic_estimation': None, 'traffic_ratio': 'Balanced', 'owner_address': ['Isabel Colbrand', '6', '28050', 'Madrid', 'SPAIN'], 'rir_allocation': {'rir_name': 'RIPE', 'country_code': 'ES', 'date_allocated': '1998-07-24 00:00:00', 'allocation_status': 'allocated'}, 'iana_assignment': {'assignment_status': 'assigned', 'description': 'Assigned by RIPE NCC', 'whois_server': 'whois.ripe.net', 'date_assigned': None}, 'date_updated': '2024-01-23 05:48:27'}",0,adminripe@evolutio.com
proveedores alcampo,2024-01-24 17:26:27,AFFILIATE_EMAILADDR,sfp_email,"{'asn': 12541, 'name': 'EBC_Inner_AS', 'description_short': 'Evolutio Business Connectivity Autonomous System', 'description_full': ['Evolutio Business Connectivity Autonomous System'], 'country_code': 'ES', 'website': 'https://www.evolutio.com', 'email_contacts': ['abuse@evolutio.com', 'adminripe@evolutio.com', 'it.infraestructure.spain@evolutio.com', 'tomas.pellicer@evolutio.com', 'raul.mateo@evolutio.com', 'juan.ruiz@evolutio.com', 'julian.delpozo@evolutio.com', 'juancarlos.perez@evolutio.com'], 'abuse_contacts': ['abuse@evolutio.com'], 'looking_glass': None, 'traffic_estimation': None, 'traffic_ratio': 'Not Disclosed', 'owner_address': ['Isabel Colbrand', '6', '28050', 'Madrid', 'SPAIN'], 'rir_allocation': {'rir_name': 'RIPE', 'country_code': 'ES', 'date_allocated': '1999-07-07 00:00:00', 'allocation_status': 'allocated'}, 'iana_assignment': {'assignment_status': 'assigned', 'description': 'Assigned by RIPE NCC', 'whois_server': 'whois.ripe.net', 'date_assigned': None}, 'date_updated': '2024-01-19 06:32:1",0,adminripe@evolutio.com
proveedores alcampo,2024-01-24 17:25:48,DOMAIN_NAME_PARENT,sfp_dnsresolve,proveedores.alcampo.es,0,alcampo.es
proveedores alcampo,2024-01-24 17:25:57,RAW_DNS_RECORDS,sfp_dnsraw,alcampo.es,0,"alcampo.es. 5 IN MX 10 alt3.aspmx.l.google.com.
alcampo.es. 5 IN MX 5 alt2.aspmx.l.google.com.
alcampo.es. 5 IN MX 5 alt1.aspmx.l.google.com.
alcampo.es. 5 IN MX 1 aspmx.l.google.com.
alcampo.es. 5 IN MX 10 alt4.aspmx.l.google.com."
proveedores alcampo,2024-01-24 17:25:57,RAW_DNS_RECORDS,sfp_dnsraw,alcampo.es,0,"alcampo.es. 5 IN NS esifw2.tsai.es.
alcampo.es. 5 IN NS esifw1.tsai.es."
proveedores alcampo,2024-01-24 17:25:57,RAW_DNS_RECORDS,sfp_dnsraw,alcampo.es,0,"alcampo.es. 5 IN TXT ""_globalsign-domain-verification=zB31GMhR9nIJvr8jz3NfOWcUMf0rQ_bS7My4I5VWd_""
alcampo.es. 5 IN TXT ""Validity-Domain-Verification=YTIDS786dsuhJa0u455""
alcampo.es. 5 IN TXT ""globalsign-domain-verification=29a8d94e50a428b889656bad17b98350""
alcampo.es. 5 IN TXT ""ca3-a50560ab2bf94355ab8c0003134787d1"""
proveedores alcampo,2024-01-24 17:25:57,PROVIDER_MAIL,sfp_dnsraw,alcampo.es,0,alt1.aspmx.l.google.com
proveedores alcampo,2024-01-24 17:25:57,AFFILIATE_INTERNET_NAME,sfp_dnsraw,alcampo.es,0,alt1.aspmx.l.google.com
proveedores alcampo,2024-01-24 17:25:57,PROVIDER_MAIL,sfp_dnsraw,alcampo.es,0,alt2.aspmx.l.google.com
proveedores alcampo,2024-01-24 17:25:57,AFFILIATE_INTERNET_NAME,sfp_dnsraw,alcampo.es,0,alt2.aspmx.l.google.com
proveedores alcampo,2024-01-24 17:25:57,PROVIDER_MAIL,sfp_dnsraw,alcampo.es,0,alt3.aspmx.l.google.com
proveedores alcampo,2024-01-24 17:25:57,AFFILIATE_INTERNET_NAME,sfp_dnsraw,alcampo.es,0,alt3.aspmx.l.google.com
proveedores alcampo,2024-01-24 17:25:57,PROVIDER_MAIL,sfp_dnsraw,alcampo.es,0,alt4.aspmx.l.google.com
proveedores alcampo,2024-01-24 17:25:57,AFFILIATE_INTERNET_NAME,sfp_dnsraw,alcampo.es,0,alt4.aspmx.l.google.com
proveedores alcampo,2024-01-24 17:25:57,PROVIDER_MAIL,sfp_dnsraw,alcampo.es,0,aspmx.l.google.com
proveedores alcampo,2024-01-24 17:25:57,AFFILIATE_INTERNET_NAME,sfp_dnsraw,alcampo.es,0,aspmx.l.google.com
proveedores alcampo,2024-01-24 17:26:27,AFFILIATE_EMAILADDR,sfp_email,"{'prefix': '212.80.160.0/19', 'ip': '212.80.160.0', 'cidr': 19, 'asns': [{'asn': 12462, 'name': 'ECE-MAD-DATA', 'description': 'Evolutio_Cloud_Enabler_Madrid_Datacenter', 'country_code': 'ES', 'prefix_upstreams': [{'asn': 12541, 'name': 'EBC_Inner_AS', 'description': 'Evolutio Business Connectivity Autonomous System', 'country_code': 'ES'}]}], 'name': 'ES-EVOLUTIO-19990707', 'description_short': 'EVOLUTIO CLOUD ENABLER S.A. UNIPERSONAL', 'description_full': ['EVOLUTIO CLOUD ENABLER S.A. UNIPERSONAL'], 'email_contacts': ['abuse@evolutio.com', 'bt.igs.secondlevel@bt.com', 'tomas.pellicer@evolutio.com', 'raul.mateo@evolutio.com', 'juan.ruiz@evolutio.com', 'julian.delpozo@evolutio.com'], 'abuse_contacts': ['abuse@evolutio.com'], 'owner_address': ['Isabel Colbrand', '6-8', '28050', 'Madrid', 'SPAIN'], 'country_codes': {'whois_country_code': 'ES', 'rir_allocation_country_code': None, 'maxmind_country_code': None}, 'rir_allocation': {'rir_name': 'RIPE', 'country_code': None, 'ip': '212.80.160.0', 'cidr': 19, 'prefix",0,bt.igs.secondlevel@bt.com
proveedores alcampo,2024-01-24 17:26:26,AFFILIATE_EMAILADDR,sfp_email,"{'prefix': '212.80.176.0/20', 'ip': '212.80.176.0', 'cidr': 20, 'asns': [{'asn': 12541, 'name': 'EBC_Inner_AS', 'description': 'Evolutio Business Connectivity Autonomous System', 'country_code': 'ES', 'prefix_upstreams': [{'asn': 3320, 'name': 'DTAG', 'description': 'Internet service provider operations', 'country_code': 'DE'}, {'asn': 3257, 'name': 'GTT-BACKBONE', 'description': 'GTT', 'country_code': 'US'}, {'asn': 174, 'name': 'COGENT-174', 'description': 'Cogent Communications', 'country_code': 'US'}]}], 'name': 'ES-EVOLUTIO-19990707', 'description_short': 'EVOLUTIO CLOUD ENABLER S.A. UNIPERSONAL', 'description_full': ['EVOLUTIO CLOUD ENABLER S.A. UNIPERSONAL'], 'email_contacts': ['abuse@evolutio.com', 'bt.igs.secondlevel@bt.com', 'tomas.pellicer@evolutio.com', 'raul.mateo@evolutio.com', 'juan.ruiz@evolutio.com', 'julian.delpozo@evolutio.com'], 'abuse_contacts': ['abuse@evolutio.com'], 'owner_address': ['Isabel Colbrand', '6-8', '28050', 'Madrid', 'SPAIN'], 'country_codes': {'whois_country_code': 'ES', 'r",0,bt.igs.secondlevel@bt.com
proveedores alcampo,2024-01-24 17:25:57,DNS_TEXT,sfp_dnsraw,alcampo.es,0,ca3-a50560ab2bf94355ab8c0003134787d1
proveedores alcampo,2024-01-24 17:28:50,AFFILIATE_INTERNET_NAME,sfp_dnsresolve,142.250.153.27,0,ea-in-f27.1e100.net
proveedores alcampo,2024-01-24 17:28:51,AFFILIATE_INTERNET_NAME,sfp_dnsresolve,213.0.43.37,0,edns01.es.tdatacenter.com
proveedores alcampo,2024-01-24 17:25:57,PROVIDER_DNS,sfp_dnsraw,alcampo.es,0,esifw1.tsai.es
proveedores alcampo,2024-01-24 17:25:57,AFFILIATE_INTERNET_NAME,sfp_dnsraw,alcampo.es,0,esifw1.tsai.es
proveedores alcampo,2024-01-24 17:25:57,PROVIDER_DNS,sfp_dnsraw,alcampo.es,0,esifw2.tsai.es
proveedores alcampo,2024-01-24 17:25:57,AFFILIATE_INTERNET_NAME,sfp_dnsraw,alcampo.es,0,esifw2.tsai.es
proveedores alcampo,2024-01-24 17:25:57,DNS_TEXT,sfp_dnsraw,alcampo.es,0,globalsign-domain-verification=29a8d94e50a428b889656bad17b98350
proveedores alcampo,2024-01-24 17:27:46,AFFILIATE_DOMAIN_NAME,sfp_dnsresolve,alt1.aspmx.l.google.com,0,google.com
proveedores alcampo,2024-01-24 17:28:37,AFFILIATE_DOMAIN_NAME,sfp_dnsresolve,alt3.aspmx.l.google.com,0,google.com
proveedores alcampo,2024-01-24 17:27:57,AFFILIATE_DOMAIN_NAME,sfp_dnsresolve,alt4.aspmx.l.google.com,0,google.com
proveedores alcampo,2024-01-24 17:28:17,AFFILIATE_DOMAIN_NAME,sfp_dnsresolve,aspmx.l.google.com,0,google.com
proveedores alcampo,2024-01-24 17:27:36,AFFILIATE_DOMAIN_NAME,sfp_dnsresolve,alt2.aspmx.l.google.com,0,google.com
proveedores alcampo,2024-01-24 17:27:46,AFFILIATE_DOMAIN_NAME,sfp_dnsresolve,alt2.aspmx.l.google.com,0,google.com
proveedores alcampo,2024-01-24 17:26:27,AFFILIATE_EMAILADDR,sfp_email,"{'asn': 12541, 'name': 'EBC_Inner_AS', 'description_short': 'Evolutio Business Connectivity Autonomous System', 'description_full': ['Evolutio Business Connectivity Autonomous System'], 'country_code': 'ES', 'website': 'https://www.evolutio.com', 'email_contacts': ['abuse@evolutio.com', 'adminripe@evolutio.com', 'it.infraestructure.spain@evolutio.com', 'tomas.pellicer@evolutio.com', 'raul.mateo@evolutio.com', 'juan.ruiz@evolutio.com', 'julian.delpozo@evolutio.com', 'juancarlos.perez@evolutio.com'], 'abuse_contacts': ['abuse@evolutio.com'], 'looking_glass': None, 'traffic_estimation': None, 'traffic_ratio': 'Not Disclosed', 'owner_address': ['Isabel Colbrand', '6', '28050', 'Madrid', 'SPAIN'], 'rir_allocation': {'rir_name': 'RIPE', 'country_code': 'ES', 'date_allocated': '1999-07-07 00:00:00', 'allocation_status': 'allocated'}, 'iana_assignment': {'assignment_status': 'assigned', 'description': 'Assigned by RIPE NCC', 'whois_server': 'whois.ripe.net', 'date_assigned': None}, 'date_updated': '2024-01-19 06:32:1",0,it.infraestructure.spain@evolutio.com
proveedores alcampo,2024-01-24 17:26:27,AFFILIATE_EMAILADDR,sfp_email,"{'asn': 12462, 'name': 'ECE-MAD-DATA', 'description_short': 'Evolutio_Cloud_Enabler_Madrid_Datacenter', 'description_full': ['Evolutio_Cloud_Enabler_Madrid_Datacenter'], 'country_code': 'ES', 'website': None, 'email_contacts': ['abuse@evolutio.com', 'raul.hernandez@evolutio.com', 'jesus.sanchez@evolutio.com', 'raul.izquierdodiaz@evolutio.com'], 'abuse_contacts': ['abuse@evolutio.com'], 'looking_glass': None, 'traffic_estimation': None, 'traffic_ratio': None, 'owner_address': ['Isabel Colbrand', '6-8', '28050', 'Madrid', 'SPAIN'], 'rir_allocation': {'rir_name': 'RIPE', 'country_code': 'ES', 'date_allocated': '1999-06-01 00:00:00', 'allocation_status': 'allocated'}, 'iana_assignment': {'assignment_status': 'assigned', 'description': 'Assigned by RIPE NCC', 'whois_server': 'whois.ripe.net', 'date_assigned': None}, 'date_updated': '2024-01-15 04:26:52'}",0,jesus.sanchez@evolutio.com
proveedores alcampo,2024-01-24 17:26:27,AFFILIATE_EMAILADDR,sfp_email,"{'prefix': '212.80.160.0/19', 'ip': '212.80.160.0', 'cidr': 19, 'asns': [{'asn': 12462, 'name': 'ECE-MAD-DATA', 'description': 'Evolutio_Cloud_Enabler_Madrid_Datacenter', 'country_code': 'ES', 'prefix_upstreams': [{'asn': 12541, 'name': 'EBC_Inner_AS', 'description': 'Evolutio Business Connectivity Autonomous System', 'country_code': 'ES'}]}], 'name': 'ES-EVOLUTIO-19990707', 'description_short': 'EVOLUTIO CLOUD ENABLER S.A. UNIPERSONAL', 'description_full': ['EVOLUTIO CLOUD ENABLER S.A. UNIPERSONAL'], 'email_contacts': ['abuse@evolutio.com', 'bt.igs.secondlevel@bt.com', 'tomas.pellicer@evolutio.com', 'raul.mateo@evolutio.com', 'juan.ruiz@evolutio.com', 'julian.delpozo@evolutio.com'], 'abuse_contacts': ['abuse@evolutio.com'], 'owner_address': ['Isabel Colbrand', '6-8', '28050', 'Madrid', 'SPAIN'], 'country_codes': {'whois_country_code': 'ES', 'rir_allocation_country_code': None, 'maxmind_country_code': None}, 'rir_allocation': {'rir_name': 'RIPE', 'country_code': None, 'ip': '212.80.160.0', 'cidr': 19, 'prefix",0,juan.ruiz@evolutio.com
proveedores alcampo,2024-01-24 17:26:26,AFFILIATE_EMAILADDR,sfp_email,"{'asn': 8903, 'name': 'AS8903', 'description_short': 'Evolutio Business Connectivity. Network infrastructure & Peering.', 'description_full': ['Evolutio Business Connectivity. Network infrastructure & Peering.'], 'country_code': 'ES', 'website': 'http://www.evolutio.com', 'email_contacts': ['abuse@evolutio.com', 'adminripe@evolutio.com', 'julian.delpozo@evolutio.com', 'juan.ruiz@evolutio.com', 'tomas.pellicer@evolutio.com', 'raul.mateo@evolutio.com', 'juancarlos.perez@evolutio.com'], 'abuse_contacts': ['abuse@evolutio.com'], 'looking_glass': None, 'traffic_estimation': None, 'traffic_ratio': 'Balanced', 'owner_address': ['Isabel Colbrand', '6', '28050', 'Madrid', 'SPAIN'], 'rir_allocation': {'rir_name': 'RIPE', 'country_code': 'ES', 'date_allocated': '1998-07-24 00:00:00', 'allocation_status': 'allocated'}, 'iana_assignment': {'assignment_status': 'assigned', 'description': 'Assigned by RIPE NCC', 'whois_server': 'whois.ripe.net', 'date_assigned': None}, 'date_updated': '2024-01-23 05:48:27'}",0,juan.ruiz@evolutio.com
proveedores alcampo,2024-01-24 17:26:26,AFFILIATE_EMAILADDR,sfp_email,"{'prefix': '212.80.176.0/20', 'ip': '212.80.176.0', 'cidr': 20, 'asns': [{'asn': 12541, 'name': 'EBC_Inner_AS', 'description': 'Evolutio Business Connectivity Autonomous System', 'country_code': 'ES', 'prefix_upstreams': [{'asn': 3320, 'name': 'DTAG', 'description': 'Internet service provider operations', 'country_code': 'DE'}, {'asn': 3257, 'name': 'GTT-BACKBONE', 'description': 'GTT', 'country_code': 'US'}, {'asn': 174, 'name': 'COGENT-174', 'description': 'Cogent Communications', 'country_code': 'US'}]}], 'name': 'ES-EVOLUTIO-19990707', 'description_short': 'EVOLUTIO CLOUD ENABLER S.A. UNIPERSONAL', 'description_full': ['EVOLUTIO CLOUD ENABLER S.A. UNIPERSONAL'], 'email_contacts': ['abuse@evolutio.com', 'bt.igs.secondlevel@bt.com', 'tomas.pellicer@evolutio.com', 'raul.mateo@evolutio.com', 'juan.ruiz@evolutio.com', 'julian.delpozo@evolutio.com'], 'abuse_contacts': ['abuse@evolutio.com'], 'owner_address': ['Isabel Colbrand', '6-8', '28050', 'Madrid', 'SPAIN'], 'country_codes': {'whois_country_code': 'ES', 'r",0,juan.ruiz@evolutio.com
proveedores alcampo,2024-01-24 17:26:27,AFFILIATE_EMAILADDR,sfp_email,"{'asn': 12541, 'name': 'EBC_Inner_AS', 'description_short': 'Evolutio Business Connectivity Autonomous System', 'description_full': ['Evolutio Business Connectivity Autonomous System'], 'country_code': 'ES', 'website': 'https://www.evolutio.com', 'email_contacts': ['abuse@evolutio.com', 'adminripe@evolutio.com', 'it.infraestructure.spain@evolutio.com', 'tomas.pellicer@evolutio.com', 'raul.mateo@evolutio.com', 'juan.ruiz@evolutio.com', 'julian.delpozo@evolutio.com', 'juancarlos.perez@evolutio.com'], 'abuse_contacts': ['abuse@evolutio.com'], 'looking_glass': None, 'traffic_estimation': None, 'traffic_ratio': 'Not Disclosed', 'owner_address': ['Isabel Colbrand', '6', '28050', 'Madrid', 'SPAIN'], 'rir_allocation': {'rir_name': 'RIPE', 'country_code': 'ES', 'date_allocated': '1999-07-07 00:00:00', 'allocation_status': 'allocated'}, 'iana_assignment': {'assignment_status': 'assigned', 'description': 'Assigned by RIPE NCC', 'whois_server': 'whois.ripe.net', 'date_assigned': None}, 'date_updated': '2024-01-19 06:32:1",0,juan.ruiz@evolutio.com
proveedores alcampo,2024-01-24 17:26:26,AFFILIATE_EMAILADDR,sfp_email,"{'asn': 8903, 'name': 'AS8903', 'description_short': 'Evolutio Business Connectivity. Network infrastructure & Peering.', 'description_full': ['Evolutio Business Connectivity. Network infrastructure & Peering.'], 'country_code': 'ES', 'website': 'http://www.evolutio.com', 'email_contacts': ['abuse@evolutio.com', 'adminripe@evolutio.com', 'julian.delpozo@evolutio.com', 'juan.ruiz@evolutio.com', 'tomas.pellicer@evolutio.com', 'raul.mateo@evolutio.com', 'juancarlos.perez@evolutio.com'], 'abuse_contacts': ['abuse@evolutio.com'], 'looking_glass': None, 'traffic_estimation': None, 'traffic_ratio': 'Balanced', 'owner_address': ['Isabel Colbrand', '6', '28050', 'Madrid', 'SPAIN'], 'rir_allocation': {'rir_name': 'RIPE', 'country_code': 'ES', 'date_allocated': '1998-07-24 00:00:00', 'allocation_status': 'allocated'}, 'iana_assignment': {'assignment_status': 'assigned', 'description': 'Assigned by RIPE NCC', 'whois_server': 'whois.ripe.net', 'date_assigned': None}, 'date_updated': '2024-01-23 05:48:27'}",0,juancarlos.perez@evolutio.com
proveedores alcampo,2024-01-24 17:26:27,AFFILIATE_EMAILADDR,sfp_email,"{'asn': 12541, 'name': 'EBC_Inner_AS', 'description_short': 'Evolutio Business Connectivity Autonomous System', 'description_full': ['Evolutio Business Connectivity Autonomous System'], 'country_code': 'ES', 'website': 'https://www.evolutio.com', 'email_contacts': ['abuse@evolutio.com', 'adminripe@evolutio.com', 'it.infraestructure.spain@evolutio.com', 'tomas.pellicer@evolutio.com', 'raul.mateo@evolutio.com', 'juan.ruiz@evolutio.com', 'julian.delpozo@evolutio.com', 'juancarlos.perez@evolutio.com'], 'abuse_contacts': ['abuse@evolutio.com'], 'looking_glass': None, 'traffic_estimation': None, 'traffic_ratio': 'Not Disclosed', 'owner_address': ['Isabel Colbrand', '6', '28050', 'Madrid', 'SPAIN'], 'rir_allocation': {'rir_name': 'RIPE', 'country_code': 'ES', 'date_allocated': '1999-07-07 00:00:00', 'allocation_status': 'allocated'}, 'iana_assignment': {'assignment_status': 'assigned', 'description': 'Assigned by RIPE NCC', 'whois_server': 'whois.ripe.net', 'date_assigned': None}, 'date_updated': '2024-01-19 06:32:1",0,juancarlos.perez@evolutio.com
proveedores alcampo,2024-01-24 17:26:27,AFFILIATE_EMAILADDR,sfp_email,"{'prefix': '212.80.160.0/19', 'ip': '212.80.160.0', 'cidr': 19, 'asns': [{'asn': 12462, 'name': 'ECE-MAD-DATA', 'description': 'Evolutio_Cloud_Enabler_Madrid_Datacenter', 'country_code': 'ES', 'prefix_upstreams': [{'asn': 12541, 'name': 'EBC_Inner_AS', 'description': 'Evolutio Business Connectivity Autonomous System', 'country_code': 'ES'}]}], 'name': 'ES-EVOLUTIO-19990707', 'description_short': 'EVOLUTIO CLOUD ENABLER S.A. UNIPERSONAL', 'description_full': ['EVOLUTIO CLOUD ENABLER S.A. UNIPERSONAL'], 'email_contacts': ['abuse@evolutio.com', 'bt.igs.secondlevel@bt.com', 'tomas.pellicer@evolutio.com', 'raul.mateo@evolutio.com', 'juan.ruiz@evolutio.com', 'julian.delpozo@evolutio.com'], 'abuse_contacts': ['abuse@evolutio.com'], 'owner_address': ['Isabel Colbrand', '6-8', '28050', 'Madrid', 'SPAIN'], 'country_codes': {'whois_country_code': 'ES', 'rir_allocation_country_code': None, 'maxmind_country_code': None}, 'rir_allocation': {'rir_name': 'RIPE', 'country_code': None, 'ip': '212.80.160.0', 'cidr': 19, 'prefix",0,julian.delpozo@evolutio.com
proveedores alcampo,2024-01-24 17:26:26,AFFILIATE_EMAILADDR,sfp_email,"{'asn': 8903, 'name': 'AS8903', 'description_short': 'Evolutio Business Connectivity. Network infrastructure & Peering.', 'description_full': ['Evolutio Business Connectivity. Network infrastructure & Peering.'], 'country_code': 'ES', 'website': 'http://www.evolutio.com', 'email_contacts': ['abuse@evolutio.com', 'adminripe@evolutio.com', 'julian.delpozo@evolutio.com', 'juan.ruiz@evolutio.com', 'tomas.pellicer@evolutio.com', 'raul.mateo@evolutio.com', 'juancarlos.perez@evolutio.com'], 'abuse_contacts': ['abuse@evolutio.com'], 'looking_glass': None, 'traffic_estimation': None, 'traffic_ratio': 'Balanced', 'owner_address': ['Isabel Colbrand', '6', '28050', 'Madrid', 'SPAIN'], 'rir_allocation': {'rir_name': 'RIPE', 'country_code': 'ES', 'date_allocated': '1998-07-24 00:00:00', 'allocation_status': 'allocated'}, 'iana_assignment': {'assignment_status': 'assigned', 'description': 'Assigned by RIPE NCC', 'whois_server': 'whois.ripe.net', 'date_assigned': None}, 'date_updated': '2024-01-23 05:48:27'}",0,julian.delpozo@evolutio.com
proveedores alcampo,2024-01-24 17:26:26,AFFILIATE_EMAILADDR,sfp_email,"{'prefix': '212.80.176.0/20', 'ip': '212.80.176.0', 'cidr': 20, 'asns': [{'asn': 12541, 'name': 'EBC_Inner_AS', 'description': 'Evolutio Business Connectivity Autonomous System', 'country_code': 'ES', 'prefix_upstreams': [{'asn': 3320, 'name': 'DTAG', 'description': 'Internet service provider operations', 'country_code': 'DE'}, {'asn': 3257, 'name': 'GTT-BACKBONE', 'description': 'GTT', 'country_code': 'US'}, {'asn': 174, 'name': 'COGENT-174', 'description': 'Cogent Communications', 'country_code': 'US'}]}], 'name': 'ES-EVOLUTIO-19990707', 'description_short': 'EVOLUTIO CLOUD ENABLER S.A. UNIPERSONAL', 'description_full': ['EVOLUTIO CLOUD ENABLER S.A. UNIPERSONAL'], 'email_contacts': ['abuse@evolutio.com', 'bt.igs.secondlevel@bt.com', 'tomas.pellicer@evolutio.com', 'raul.mateo@evolutio.com', 'juan.ruiz@evolutio.com', 'julian.delpozo@evolutio.com'], 'abuse_contacts': ['abuse@evolutio.com'], 'owner_address': ['Isabel Colbrand', '6-8', '28050', 'Madrid', 'SPAIN'], 'country_codes': {'whois_country_code': 'ES', 'r",0,julian.delpozo@evolutio.com
proveedores alcampo,2024-01-24 17:26:27,AFFILIATE_EMAILADDR,sfp_email,"{'asn': 12541, 'name': 'EBC_Inner_AS', 'description_short': 'Evolutio Business Connectivity Autonomous System', 'description_full': ['Evolutio Business Connectivity Autonomous System'], 'country_code': 'ES', 'website': 'https://www.evolutio.com', 'email_contacts': ['abuse@evolutio.com', 'adminripe@evolutio.com', 'it.infraestructure.spain@evolutio.com', 'tomas.pellicer@evolutio.com', 'raul.mateo@evolutio.com', 'juan.ruiz@evolutio.com', 'julian.delpozo@evolutio.com', 'juancarlos.perez@evolutio.com'], 'abuse_contacts': ['abuse@evolutio.com'], 'looking_glass': None, 'traffic_estimation': None, 'traffic_ratio': 'Not Disclosed', 'owner_address': ['Isabel Colbrand', '6', '28050', 'Madrid', 'SPAIN'], 'rir_allocation': {'rir_name': 'RIPE', 'country_code': 'ES', 'date_allocated': '1999-07-07 00:00:00', 'allocation_status': 'allocated'}, 'iana_assignment': {'assignment_status': 'assigned', 'description': 'Assigned by RIPE NCC', 'whois_server': 'whois.ripe.net', 'date_assigned': None}, 'date_updated': '2024-01-19 06:32:1",0,julian.delpozo@evolutio.com
proveedores alcampo,2024-01-24 17:28:52,AFFILIATE_INTERNET_NAME,sfp_dnsresolve,142.250.150.26,0,la-in-f26.1e100.net
proveedores alcampo,2024-01-24 17:28:52,AFFILIATE_INTERNET_NAME,sfp_dnsresolve,213.4.194.5,0,ns2.telefonica-data.com
proveedores alcampo,2024-01-24 17:25:37,INTERNET_NAME,SpiderFoot UI,proveedores.alcampo.es,0,proveedores.alcampo.es
proveedores alcampo,2024-01-24 17:25:48,INTERNET_NAME,sfp_crt,proveedores.alcampo.es,0,proveedores.alcampo.es
proveedores alcampo,2024-01-24 17:25:49,INTERNET_NAME,sfp_crt,proveedores.alcampo.es,0,proveedores.alcampo.es
proveedores alcampo,2024-01-24 17:25:50,INTERNET_NAME,sfp_crt,proveedores.alcampo.es,0,proveedores.alcampo.es
proveedores alcampo,2024-01-24 17:25:50,INTERNET_NAME,sfp_crt,proveedores.alcampo.es,0,proveedores.alcampo.es
proveedores alcampo,2024-01-24 17:25:51,INTERNET_NAME,sfp_crt,proveedores.alcampo.es,0,proveedores.alcampo.es
proveedores alcampo,2024-01-24 17:25:51,INTERNET_NAME,sfp_crt,proveedores.alcampo.es,0,proveedores.alcampo.es
proveedores alcampo,2024-01-24 17:25:53,INTERNET_NAME,sfp_crt,proveedores.alcampo.es,0,proveedores.alcampo.es
proveedores alcampo,2024-01-24 17:25:53,INTERNET_NAME,sfp_crt,proveedores.alcampo.es,0,proveedores.alcampo.es
proveedores alcampo,2024-01-24 17:25:55,INTERNET_NAME,sfp_crt,proveedores.alcampo.es,0,proveedores.alcampo.es
proveedores alcampo,2024-01-24 17:25:55,INTERNET_NAME,sfp_crt,proveedores.alcampo.es,0,proveedores.alcampo.es
proveedores alcampo,2024-01-24 17:25:56,INTERNET_NAME,sfp_crt,proveedores.alcampo.es,0,proveedores.alcampo.es
proveedores alcampo,2024-01-24 17:25:57,INTERNET_NAME,sfp_crt,proveedores.alcampo.es,0,proveedores.alcampo.es
proveedores alcampo,2024-01-24 17:26:27,AFFILIATE_EMAILADDR,sfp_email,"{'asn': 12462, 'name': 'ECE-MAD-DATA', 'description_short': 'Evolutio_Cloud_Enabler_Madrid_Datacenter', 'description_full': ['Evolutio_Cloud_Enabler_Madrid_Datacenter'], 'country_code': 'ES', 'website': None, 'email_contacts': ['abuse@evolutio.com', 'raul.hernandez@evolutio.com', 'jesus.sanchez@evolutio.com', 'raul.izquierdodiaz@evolutio.com'], 'abuse_contacts': ['abuse@evolutio.com'], 'looking_glass': None, 'traffic_estimation': None, 'traffic_ratio': None, 'owner_address': ['Isabel Colbrand', '6-8', '28050', 'Madrid', 'SPAIN'], 'rir_allocation': {'rir_name': 'RIPE', 'country_code': 'ES', 'date_allocated': '1999-06-01 00:00:00', 'allocation_status': 'allocated'}, 'iana_assignment': {'assignment_status': 'assigned', 'description': 'Assigned by RIPE NCC', 'whois_server': 'whois.ripe.net', 'date_assigned': None}, 'date_updated': '2024-01-15 04:26:52'}",0,raul.hernandez@evolutio.com
proveedores alcampo,2024-01-24 17:26:27,AFFILIATE_EMAILADDR,sfp_email,"{'asn': 12462, 'name': 'ECE-MAD-DATA', 'description_short': 'Evolutio_Cloud_Enabler_Madrid_Datacenter', 'description_full': ['Evolutio_Cloud_Enabler_Madrid_Datacenter'], 'country_code': 'ES', 'website': None, 'email_contacts': ['abuse@evolutio.com', 'raul.hernandez@evolutio.com', 'jesus.sanchez@evolutio.com', 'raul.izquierdodiaz@evolutio.com'], 'abuse_contacts': ['abuse@evolutio.com'], 'looking_glass': None, 'traffic_estimation': None, 'traffic_ratio': None, 'owner_address': ['Isabel Colbrand', '6-8', '28050', 'Madrid', 'SPAIN'], 'rir_allocation': {'rir_name': 'RIPE', 'country_code': 'ES', 'date_allocated': '1999-06-01 00:00:00', 'allocation_status': 'allocated'}, 'iana_assignment': {'assignment_status': 'assigned', 'description': 'Assigned by RIPE NCC', 'whois_server': 'whois.ripe.net', 'date_assigned': None}, 'date_updated': '2024-01-15 04:26:52'}",0,raul.izquierdodiaz@evolutio.com
proveedores alcampo,2024-01-24 17:26:27,AFFILIATE_EMAILADDR,sfp_email,"{'prefix': '212.80.160.0/19', 'ip': '212.80.160.0', 'cidr': 19, 'asns': [{'asn': 12462, 'name': 'ECE-MAD-DATA', 'description': 'Evolutio_Cloud_Enabler_Madrid_Datacenter', 'country_code': 'ES', 'prefix_upstreams': [{'asn': 12541, 'name': 'EBC_Inner_AS', 'description': 'Evolutio Business Connectivity Autonomous System', 'country_code': 'ES'}]}], 'name': 'ES-EVOLUTIO-19990707', 'description_short': 'EVOLUTIO CLOUD ENABLER S.A. UNIPERSONAL', 'description_full': ['EVOLUTIO CLOUD ENABLER S.A. UNIPERSONAL'], 'email_contacts': ['abuse@evolutio.com', 'bt.igs.secondlevel@bt.com', 'tomas.pellicer@evolutio.com', 'raul.mateo@evolutio.com', 'juan.ruiz@evolutio.com', 'julian.delpozo@evolutio.com'], 'abuse_contacts': ['abuse@evolutio.com'], 'owner_address': ['Isabel Colbrand', '6-8', '28050', 'Madrid', 'SPAIN'], 'country_codes': {'whois_country_code': 'ES', 'rir_allocation_country_code': None, 'maxmind_country_code': None}, 'rir_allocation': {'rir_name': 'RIPE', 'country_code': None, 'ip': '212.80.160.0', 'cidr': 19, 'prefix",0,raul.mateo@evolutio.com
proveedores alcampo,2024-01-24 17:26:26,AFFILIATE_EMAILADDR,sfp_email,"{'asn': 8903, 'name': 'AS8903', 'description_short': 'Evolutio Business Connectivity. Network infrastructure & Peering.', 'description_full': ['Evolutio Business Connectivity. Network infrastructure & Peering.'], 'country_code': 'ES', 'website': 'http://www.evolutio.com', 'email_contacts': ['abuse@evolutio.com', 'adminripe@evolutio.com', 'julian.delpozo@evolutio.com', 'juan.ruiz@evolutio.com', 'tomas.pellicer@evolutio.com', 'raul.mateo@evolutio.com', 'juancarlos.perez@evolutio.com'], 'abuse_contacts': ['abuse@evolutio.com'], 'looking_glass': None, 'traffic_estimation': None, 'traffic_ratio': 'Balanced', 'owner_address': ['Isabel Colbrand', '6', '28050', 'Madrid', 'SPAIN'], 'rir_allocation': {'rir_name': 'RIPE', 'country_code': 'ES', 'date_allocated': '1998-07-24 00:00:00', 'allocation_status': 'allocated'}, 'iana_assignment': {'assignment_status': 'assigned', 'description': 'Assigned by RIPE NCC', 'whois_server': 'whois.ripe.net', 'date_assigned': None}, 'date_updated': '2024-01-23 05:48:27'}",0,raul.mateo@evolutio.com
proveedores alcampo,2024-01-24 17:26:26,AFFILIATE_EMAILADDR,sfp_email,"{'prefix': '212.80.176.0/20', 'ip': '212.80.176.0', 'cidr': 20, 'asns': [{'asn': 12541, 'name': 'EBC_Inner_AS', 'description': 'Evolutio Business Connectivity Autonomous System', 'country_code': 'ES', 'prefix_upstreams': [{'asn': 3320, 'name': 'DTAG', 'description': 'Internet service provider operations', 'country_code': 'DE'}, {'asn': 3257, 'name': 'GTT-BACKBONE', 'description': 'GTT', 'country_code': 'US'}, {'asn': 174, 'name': 'COGENT-174', 'description': 'Cogent Communications', 'country_code': 'US'}]}], 'name': 'ES-EVOLUTIO-19990707', 'description_short': 'EVOLUTIO CLOUD ENABLER S.A. UNIPERSONAL', 'description_full': ['EVOLUTIO CLOUD ENABLER S.A. UNIPERSONAL'], 'email_contacts': ['abuse@evolutio.com', 'bt.igs.secondlevel@bt.com', 'tomas.pellicer@evolutio.com', 'raul.mateo@evolutio.com', 'juan.ruiz@evolutio.com', 'julian.delpozo@evolutio.com'], 'abuse_contacts': ['abuse@evolutio.com'], 'owner_address': ['Isabel Colbrand', '6-8', '28050', 'Madrid', 'SPAIN'], 'country_codes': {'whois_country_code': 'ES', 'r",0,raul.mateo@evolutio.com
proveedores alcampo,2024-01-24 17:26:27,AFFILIATE_EMAILADDR,sfp_email,"{'asn': 12541, 'name': 'EBC_Inner_AS', 'description_short': 'Evolutio Business Connectivity Autonomous System', 'description_full': ['Evolutio Business Connectivity Autonomous System'], 'country_code': 'ES', 'website': 'https://www.evolutio.com', 'email_contacts': ['abuse@evolutio.com', 'adminripe@evolutio.com', 'it.infraestructure.spain@evolutio.com', 'tomas.pellicer@evolutio.com', 'raul.mateo@evolutio.com', 'juan.ruiz@evolutio.com', 'julian.delpozo@evolutio.com', 'juancarlos.perez@evolutio.com'], 'abuse_contacts': ['abuse@evolutio.com'], 'looking_glass': None, 'traffic_estimation': None, 'traffic_ratio': 'Not Disclosed', 'owner_address': ['Isabel Colbrand', '6', '28050', 'Madrid', 'SPAIN'], 'rir_allocation': {'rir_name': 'RIPE', 'country_code': 'ES', 'date_allocated': '1999-07-07 00:00:00', 'allocation_status': 'allocated'}, 'iana_assignment': {'assignment_status': 'assigned', 'description': 'Assigned by RIPE NCC', 'whois_server': 'whois.ripe.net', 'date_assigned': None}, 'date_updated': '2024-01-19 06:32:1",0,raul.mateo@evolutio.com
proveedores alcampo,2024-01-24 17:28:50,AFFILIATE_INTERNET_NAME,sfp_dnsresolve,142.251.9.27,0,rc-in-f27.1e100.net
proveedores alcampo,2024-01-24 17:28:50,AFFILIATE_INTERNET_NAME,sfp_dnsresolve,74.125.200.26,0,sa-in-f26.1e100.net
proveedores alcampo,2024-01-24 17:28:51,AFFILIATE_DOMAIN_NAME,sfp_dnsresolve,edns01.es.tdatacenter.com,0,tdatacenter.com
proveedores alcampo,2024-01-24 17:28:52,AFFILIATE_DOMAIN_NAME,sfp_dnsresolve,ns2.telefonica-data.com,0,telefonica-data.com
proveedores alcampo,2024-01-24 17:26:27,AFFILIATE_EMAILADDR,sfp_email,"{'prefix': '212.80.160.0/19', 'ip': '212.80.160.0', 'cidr': 19, 'asns': [{'asn': 12462, 'name': 'ECE-MAD-DATA', 'description': 'Evolutio_Cloud_Enabler_Madrid_Datacenter', 'country_code': 'ES', 'prefix_upstreams': [{'asn': 12541, 'name': 'EBC_Inner_AS', 'description': 'Evolutio Business Connectivity Autonomous System', 'country_code': 'ES'}]}], 'name': 'ES-EVOLUTIO-19990707', 'description_short': 'EVOLUTIO CLOUD ENABLER S.A. UNIPERSONAL', 'description_full': ['EVOLUTIO CLOUD ENABLER S.A. UNIPERSONAL'], 'email_contacts': ['abuse@evolutio.com', 'bt.igs.secondlevel@bt.com', 'tomas.pellicer@evolutio.com', 'raul.mateo@evolutio.com', 'juan.ruiz@evolutio.com', 'julian.delpozo@evolutio.com'], 'abuse_contacts': ['abuse@evolutio.com'], 'owner_address': ['Isabel Colbrand', '6-8', '28050', 'Madrid', 'SPAIN'], 'country_codes': {'whois_country_code': 'ES', 'rir_allocation_country_code': None, 'maxmind_country_code': None}, 'rir_allocation': {'rir_name': 'RIPE', 'country_code': None, 'ip': '212.80.160.0', 'cidr': 19, 'prefix",0,tomas.pellicer@evolutio.com
proveedores alcampo,2024-01-24 17:26:26,AFFILIATE_EMAILADDR,sfp_email,"{'asn': 8903, 'name': 'AS8903', 'description_short': 'Evolutio Business Connectivity. Network infrastructure & Peering.', 'description_full': ['Evolutio Business Connectivity. Network infrastructure & Peering.'], 'country_code': 'ES', 'website': 'http://www.evolutio.com', 'email_contacts': ['abuse@evolutio.com', 'adminripe@evolutio.com', 'julian.delpozo@evolutio.com', 'juan.ruiz@evolutio.com', 'tomas.pellicer@evolutio.com', 'raul.mateo@evolutio.com', 'juancarlos.perez@evolutio.com'], 'abuse_contacts': ['abuse@evolutio.com'], 'looking_glass': None, 'traffic_estimation': None, 'traffic_ratio': 'Balanced', 'owner_address': ['Isabel Colbrand', '6', '28050', 'Madrid', 'SPAIN'], 'rir_allocation': {'rir_name': 'RIPE', 'country_code': 'ES', 'date_allocated': '1998-07-24 00:00:00', 'allocation_status': 'allocated'}, 'iana_assignment': {'assignment_status': 'assigned', 'description': 'Assigned by RIPE NCC', 'whois_server': 'whois.ripe.net', 'date_assigned': None}, 'date_updated': '2024-01-23 05:48:27'}",0,tomas.pellicer@evolutio.com
proveedores alcampo,2024-01-24 17:26:26,AFFILIATE_EMAILADDR,sfp_email,"{'prefix': '212.80.176.0/20', 'ip': '212.80.176.0', 'cidr': 20, 'asns': [{'asn': 12541, 'name': 'EBC_Inner_AS', 'description': 'Evolutio Business Connectivity Autonomous System', 'country_code': 'ES', 'prefix_upstreams': [{'asn': 3320, 'name': 'DTAG', 'description': 'Internet service provider operations', 'country_code': 'DE'}, {'asn': 3257, 'name': 'GTT-BACKBONE', 'description': 'GTT', 'country_code': 'US'}, {'asn': 174, 'name': 'COGENT-174', 'description': 'Cogent Communications', 'country_code': 'US'}]}], 'name': 'ES-EVOLUTIO-19990707', 'description_short': 'EVOLUTIO CLOUD ENABLER S.A. UNIPERSONAL', 'description_full': ['EVOLUTIO CLOUD ENABLER S.A. UNIPERSONAL'], 'email_contacts': ['abuse@evolutio.com', 'bt.igs.secondlevel@bt.com', 'tomas.pellicer@evolutio.com', 'raul.mateo@evolutio.com', 'juan.ruiz@evolutio.com', 'julian.delpozo@evolutio.com'], 'abuse_contacts': ['abuse@evolutio.com'], 'owner_address': ['Isabel Colbrand', '6-8', '28050', 'Madrid', 'SPAIN'], 'country_codes': {'whois_country_code': 'ES', 'r",0,tomas.pellicer@evolutio.com
proveedores alcampo,2024-01-24 17:26:27,AFFILIATE_EMAILADDR,sfp_email,"{'asn': 12541, 'name': 'EBC_Inner_AS', 'description_short': 'Evolutio Business Connectivity Autonomous System', 'description_full': ['Evolutio Business Connectivity Autonomous System'], 'country_code': 'ES', 'website': 'https://www.evolutio.com', 'email_contacts': ['abuse@evolutio.com', 'adminripe@evolutio.com', 'it.infraestructure.spain@evolutio.com', 'tomas.pellicer@evolutio.com', 'raul.mateo@evolutio.com', 'juan.ruiz@evolutio.com', 'julian.delpozo@evolutio.com', 'juancarlos.perez@evolutio.com'], 'abuse_contacts': ['abuse@evolutio.com'], 'looking_glass': None, 'traffic_estimation': None, 'traffic_ratio': 'Not Disclosed', 'owner_address': ['Isabel Colbrand', '6', '28050', 'Madrid', 'SPAIN'], 'rir_allocation': {'rir_name': 'RIPE', 'country_code': 'ES', 'date_allocated': '1999-07-07 00:00:00', 'allocation_status': 'allocated'}, 'iana_assignment': {'assignment_status': 'assigned', 'description': 'Assigned by RIPE NCC', 'whois_server': 'whois.ripe.net', 'date_assigned': None}, 'date_updated': '2024-01-19 06:32:1",0,tomas.pellicer@evolutio.com
proveedores alcampo,2024-01-24 17:28:27,AFFILIATE_DOMAIN_NAME,sfp_dnsresolve,esifw2.tsai.es,0,tsai.es
proveedores alcampo,2024-01-24 17:28:07,AFFILIATE_DOMAIN_NAME,sfp_dnsresolve,esifw1.tsai.es,0,tsai.es
proveedores alcampo,2024-01-24 17:28:17,AFFILIATE_DOMAIN_NAME,sfp_dnsresolve,esifw1.tsai.es,0,tsai.es
proveedores alcampo,2024-01-24 17:28:51,AFFILIATE_INTERNET_NAME,sfp_dnsresolve,74.125.206.27,0,wk-in-f27.1e100.net
proveedores alcampo,2024-01-24 17:26:55,INTERNET_NAME_UNRESOLVED,sfp_dnsresolve,"Certificate:
    Data:
        Version: 3 (0x2)
        Serial Number:
            8f:f1:bd:ac:14:4d:fe:29:50:3b:f5:33:15:75:76:20
        Signature Algorithm: sha256WithRSAEncryption
        Issuer: C=GB, ST=Greater Manchester, L=Salford, O=Sectigo Limited, CN=Sectigo RSA Domain Validation Secure Server CA
        Validity
            Not Before: Apr 13 00:00:00 2022 GMT
            Not After : Apr 16 23:59:59 2023 GMT
        Subject: CN=proveedores.alcampo.es
        Subject Public Key Info:
            Public Key Algorithm: rsaEncryption
                Public-Key: (4096 bit)
                Modulus:
                    00:b9:b7:83:e5:2d:a5:8f:29:9a:e4:ad:ea:a6:11:
                    22:ea:3b:f0:07:40:20:91:e3:55:f5:ef:32:0b:0c:
                    0b:f8:51:36:95:1d:61:da:8e:e1:59:25:85:28:c3:
                    06:36:3f:58:de:92:98:e3:8c:d5:39:3a:25:f3:82:
                    32:28:2e:48:9f:4c:c9:8d:5d:e7:c7:3d:80:c2:1b:
                    05:76:fc:66:1d:31:04:06:a3:28:fc:cd:8d:a1:31:
                ",0,www.proveedores.alcampo.es
proveedores alcampo,2024-01-24 17:27:16,INTERNET_NAME_UNRESOLVED,sfp_dnsresolve,"Certificate:
    Data:
        Version: 3 (0x2)
        Serial Number:
            04:f7:23:a8:eb:6f:bc:c7:43:14:dc:f1:ae:44:86:cf
        Signature Algorithm: sha256WithRSAEncryption
        Issuer: C=GB, ST=Greater Manchester, L=Salford, O=Sectigo Limited, CN=Sectigo RSA Domain Validation Secure Server CA
        Validity
            Not Before: Mar 17 00:00:00 2021 GMT
            Not After : Apr 17 23:59:59 2022 GMT
        Subject: CN=proveedores.alcampo.es
        Subject Public Key Info:
            Public Key Algorithm: rsaEncryption
                Public-Key: (4096 bit)
                Modulus:
                    00:b9:b7:83:e5:2d:a5:8f:29:9a:e4:ad:ea:a6:11:
                    22:ea:3b:f0:07:40:20:91:e3:55:f5:ef:32:0b:0c:
                    0b:f8:51:36:95:1d:61:da:8e:e1:59:25:85:28:c3:
                    06:36:3f:58:de:92:98:e3:8c:d5:39:3a:25:f3:82:
                    32:28:2e:48:9f:4c:c9:8d:5d:e7:c7:3d:80:c2:1b:
                    05:76:fc:66:1d:31:04:06:a3:28:fc:cd:8d:a1:31:
                ",0,www.proveedores.alcampo.es
proveedores alcampo,2024-01-24 17:26:35,INTERNET_NAME_UNRESOLVED,sfp_dnsresolve,"Certificate:
    Data:
        Version: 3 (0x2)
        Serial Number:
            e1:31:00:66:80:7d:9e:2a:cc:3a:08:87:35:b3:23:95
        Signature Algorithm: sha256WithRSAEncryption
        Issuer: C=GB, ST=Greater Manchester, L=Salford, O=Sectigo Limited, CN=Sectigo RSA Domain Validation Secure Server CA
        Validity
            Not Before: Apr 13 00:00:00 2023 GMT
            Not After : May 13 23:59:59 2024 GMT
        Subject: CN=proveedores.alcampo.es
        Subject Public Key Info:
            Public Key Algorithm: rsaEncryption
                Public-Key: (4096 bit)
                Modulus:
                    00:b9:b7:83:e5:2d:a5:8f:29:9a:e4:ad:ea:a6:11:
                    22:ea:3b:f0:07:40:20:91:e3:55:f5:ef:32:0b:0c:
                    0b:f8:51:36:95:1d:61:da:8e:e1:59:25:85:28:c3:
                    06:36:3f:58:de:92:98:e3:8c:d5:39:3a:25:f3:82:
                    32:28:2e:48:9f:4c:c9:8d:5d:e7:c7:3d:80:c2:1b:
                    05:76:fc:66:1d:31:04:06:a3:28:fc:cd:8d:a1:31:
                ",0,www.proveedores.alcampo.es
proveedores alcampo,2024-01-24 17:26:25,INTERNET_NAME_UNRESOLVED,sfp_dnsresolve,"Certificate:
    Data:
        Version: 3 (0x2)
        Serial Number:
            e1:31:00:66:80:7d:9e:2a:cc:3a:08:87:35:b3:23:95
        Signature Algorithm: sha256WithRSAEncryption
        Issuer: C=GB, ST=Greater Manchester, L=Salford, O=Sectigo Limited, CN=Sectigo RSA Domain Validation Secure Server CA
        Validity
            Not Before: Apr 13 00:00:00 2023 GMT
            Not After : May 13 23:59:59 2024 GMT
        Subject: CN=proveedores.alcampo.es
        Subject Public Key Info:
            Public Key Algorithm: rsaEncryption
                Public-Key: (4096 bit)
                Modulus:
                    00:b9:b7:83:e5:2d:a5:8f:29:9a:e4:ad:ea:a6:11:
                    22:ea:3b:f0:07:40:20:91:e3:55:f5:ef:32:0b:0c:
                    0b:f8:51:36:95:1d:61:da:8e:e1:59:25:85:28:c3:
                    06:36:3f:58:de:92:98:e3:8c:d5:39:3a:25:f3:82:
                    32:28:2e:48:9f:4c:c9:8d:5d:e7:c7:3d:80:c2:1b:
                    05:76:fc:66:1d:31:04:06:a3:28:fc:cd:8d:a1:31:
                ",0,www.proveedores.alcampo.es
proveedores alcampo,2024-01-24 17:26:14,INTERNET_NAME_UNRESOLVED,sfp_dnsresolve,"[{'issuer_ca_id': 105493, 'issuer_name': 'C=GB, ST=Greater Manchester, L=Salford, O=Sectigo Limited, CN=Sectigo RSA Domain Validation Secure Server CA', 'common_name': 'proveedores.alcampo.es', 'name_value': 'proveedores.alcampo.es\nwww.proveedores.alcampo.es', 'id': 9136314175, 'entry_timestamp': '2023-04-13T09:57:40.429', 'not_before': '2023-04-13T00:00:00', 'not_after': '2024-05-13T23:59:59', 'serial_number': '00e1310066807d9e2acc3a088735b32395', 'result_count': 3}, {'issuer_ca_id': 105493, 'issuer_name': 'C=GB, ST=Greater Manchester, L=Salford, O=Sectigo Limited, CN=Sectigo RSA Domain Validation Secure Server CA', 'common_name': 'proveedores.alcampo.es', 'name_value': 'proveedores.alcampo.es\nwww.proveedores.alcampo.es', 'id': 9136314203, 'entry_timestamp': '2023-04-13T09:57:39.292', 'not_before': '2023-04-13T00:00:00', 'not_after': '2024-05-13T23:59:59', 'serial_number': '00e1310066807d9e2acc3a088735b32395', 'result_count': 3}, {'issuer_ca_id': 105493, 'issuer_name': 'C=GB, ST=Greater Manchester, L=Salfo",0,www.proveedores.alcampo.es
proveedores alcampo,2024-01-24 17:25:48,INTERNET_NAME_UNRESOLVED,sfp_crt,proveedores.alcampo.es,0,www.proveedores.alcampo.es
proveedores alcampo,2024-01-24 17:25:48,INTERNET_NAME_UNRESOLVED,sfp_crt,proveedores.alcampo.es,0,www.proveedores.alcampo.es
proveedores alcampo,2024-01-24 17:25:49,INTERNET_NAME_UNRESOLVED,sfp_crt,proveedores.alcampo.es,0,www.proveedores.alcampo.es
proveedores alcampo,2024-01-24 17:25:50,INTERNET_NAME_UNRESOLVED,sfp_crt,proveedores.alcampo.es,0,www.proveedores.alcampo.es
proveedores alcampo,2024-01-24 17:25:50,INTERNET_NAME_UNRESOLVED,sfp_crt,proveedores.alcampo.es,0,www.proveedores.alcampo.es
proveedores alcampo,2024-01-24 17:25:51,INTERNET_NAME_UNRESOLVED,sfp_crt,proveedores.alcampo.es,0,www.proveedores.alcampo.es
proveedores alcampo,2024-01-24 17:25:51,INTERNET_NAME_UNRESOLVED,sfp_crt,proveedores.alcampo.es,0,www.proveedores.alcampo.es
proveedores alcampo,2024-01-24 17:25:53,INTERNET_NAME_UNRESOLVED,sfp_crt,proveedores.alcampo.es,0,www.proveedores.alcampo.es
proveedores alcampo,2024-01-24 17:25:53,INTERNET_NAME_UNRESOLVED,sfp_crt,proveedores.alcampo.es,0,www.proveedores.alcampo.es
proveedores alcampo,2024-01-24 17:27:26,INTERNET_NAME_UNRESOLVED,sfp_dnsresolve,"Certificate:
    Data:
        Version: 3 (0x2)
        Serial Number:
            d6:f7:44:62:03:b9:72:cc:b2:95:92:1f:6f:a8:bc:e7
        Signature Algorithm: sha256WithRSAEncryption
        Issuer: C=GB, ST=Greater Manchester, L=Salford, O=COMODO CA Limited, CN=COMODO RSA Domain Validation Secure Server CA
        Validity
            Not Before: Dec 18 00:00:00 2017 GMT
            Not After : Mar 17 23:59:59 2021 GMT
        Subject: OU=Domain Control Validated, OU=PositiveSSL, CN=proveedores.alcampo.es
        Subject Public Key Info:
            Public Key Algorithm: rsaEncryption
                Public-Key: (4096 bit)
                Modulus:
                    00:b9:b7:83:e5:2d:a5:8f:29:9a:e4:ad:ea:a6:11:
                    22:ea:3b:f0:07:40:20:91:e3:55:f5:ef:32:0b:0c:
                    0b:f8:51:36:95:1d:61:da:8e:e1:59:25:85:28:c3:
                    06:36:3f:58:de:92:98:e3:8c:d5:39:3a:25:f3:82:
                    32:28:2e:48:9f:4c:c9:8d:5d:e7:c7:3d:80:c2:1b:
                    05:76:fc:66:1d:3",0,www.proveedores.alcampo.es
proveedores alcampo,2024-01-24 17:27:36,INTERNET_NAME_UNRESOLVED,sfp_dnsresolve,"Certificate:
    Data:
        Version: 3 (0x2)
        Serial Number:
            f7:74:eb:fc:5d:ce:7d:4f:20:94:5c:3e:ea:91:3b:82
        Signature Algorithm: sha256WithRSAEncryption
        Issuer: C=GB, ST=Greater Manchester, L=Salford, O=COMODO CA Limited, CN=COMODO RSA Domain Validation Secure Server CA
        Validity
            Not Before: Nov 28 00:00:00 2016 GMT
            Not After : Nov 30 23:59:59 2017 GMT
        Subject: OU=Domain Control Validated, OU=PositiveSSL, CN=proveedores.alcampo.es
        Subject Public Key Info:
            Public Key Algorithm: rsaEncryption
                Public-Key: (4096 bit)
                Modulus:
                    00:b9:b7:83:e5:2d:a5:8f:29:9a:e4:ad:ea:a6:11:
                    22:ea:3b:f0:07:40:20:91:e3:55:f5:ef:32:0b:0c:
                    0b:f8:51:36:95:1d:61:da:8e:e1:59:25:85:28:c3:
                    06:36:3f:58:de:92:98:e3:8c:d5:39:3a:25:f3:82:
                    32:28:2e:48:9f:4c:c9:8d:5d:e7:c7:3d:80:c2:1b:
                    05:76:fc:66:1d:3",0,www.proveedores.alcampo.es
proveedores alcampo,2024-01-24 17:26:45,INTERNET_NAME_UNRESOLVED,sfp_dnsresolve,"Certificate:
    Data:
        Version: 3 (0x2)
        Serial Number:
            8f:f1:bd:ac:14:4d:fe:29:50:3b:f5:33:15:75:76:20
        Signature Algorithm: sha256WithRSAEncryption
        Issuer: C=GB, ST=Greater Manchester, L=Salford, O=Sectigo Limited, CN=Sectigo RSA Domain Validation Secure Server CA
        Validity
            Not Before: Apr 13 00:00:00 2022 GMT
            Not After : Apr 16 23:59:59 2023 GMT
        Subject: CN=proveedores.alcampo.es
        Subject Public Key Info:
            Public Key Algorithm: rsaEncryption
                Public-Key: (4096 bit)
                Modulus:
                    00:b9:b7:83:e5:2d:a5:8f:29:9a:e4:ad:ea:a6:11:
                    22:ea:3b:f0:07:40:20:91:e3:55:f5:ef:32:0b:0c:
                    0b:f8:51:36:95:1d:61:da:8e:e1:59:25:85:28:c3:
                    06:36:3f:58:de:92:98:e3:8c:d5:39:3a:25:f3:82:
                    32:28:2e:48:9f:4c:c9:8d:5d:e7:c7:3d:80:c2:1b:
                    05:76:fc:66:1d:31:04:06:a3:28:fc:cd:8d:a1:31:
                ",0,www.proveedores.alcampo.es
proveedores alcampo,2024-01-24 17:27:06,INTERNET_NAME_UNRESOLVED,sfp_dnsresolve,"Certificate:
    Data:
        Version: 3 (0x2)
        Serial Number:
            04:f7:23:a8:eb:6f:bc:c7:43:14:dc:f1:ae:44:86:cf
        Signature Algorithm: sha256WithRSAEncryption
        Issuer: C=GB, ST=Greater Manchester, L=Salford, O=Sectigo Limited, CN=Sectigo RSA Domain Validation Secure Server CA
        Validity
            Not Before: Mar 17 00:00:00 2021 GMT
            Not After : Apr 17 23:59:59 2022 GMT
        Subject: CN=proveedores.alcampo.es
        Subject Public Key Info:
            Public Key Algorithm: rsaEncryption
                Public-Key: (4096 bit)
                Modulus:
                    00:b9:b7:83:e5:2d:a5:8f:29:9a:e4:ad:ea:a6:11:
                    22:ea:3b:f0:07:40:20:91:e3:55:f5:ef:32:0b:0c:
                    0b:f8:51:36:95:1d:61:da:8e:e1:59:25:85:28:c3:
                    06:36:3f:58:de:92:98:e3:8c:d5:39:3a:25:f3:82:
                    32:28:2e:48:9f:4c:c9:8d:5d:e7:c7:3d:80:c2:1b:
                    05:76:fc:66:1d:31:04:06:a3:28:fc:cd:8d:a1:31:
                ",0,www.proveedores.alcampo.es
proveedores alcampo,2024-01-24 17:26:23,SEARCH_ENGINE_WEB_CONTENT,sfp_duckduckgo,alt2.aspmx.l.google.com,0,"{
   ""Abstract"" : ""Google Search is a search engine operated by Google. It allows users to search for information on the Internet by entering keywords or phrases. Google Search uses algorithms to analyze and rank websites based on their relevance to the search query. It is the most popular search engine worldwide. As of 2020, Google Search has a 92% share of the global search engine market. By 2012, it handled more than 3.5 billion searches per day. Google Search is the most-visited website in the world. Approximately 26.75% of Google's monthly global traffic comes from the United States, 4.44% from India, 4.4% from Brazil, 3.92% from the United Kingdom and 3.84% from Japan according to data provided by Similarweb. The order of search results returned by Google is based, in part, on a priority rank system called \""PageRank\""."",
   ""AbstractSource"" : ""Wikipedia"",
   ""AbstractText"" : ""Google Search is a search engine operated by Google. It allows users to search for information on the Internet by entering keywo"
proveedores alcampo,2024-01-24 17:26:09,RAW_RIR_DATA,sfp_robtex,212.80.185.182,0,"{""status"": ""ok"", ""pas"": [], ""pash"": [], ""city"": ""Alcobendas"", ""country"": ""Spain"", ""as"": 12541, ""asname"": ""BTESPANA BT ES Datacenter and hosting AS"", ""asdesc"": ""CW Vodafone Group PLC"", ""whoisdesc"": ""To determine the registration information for a more specific range, please try a more specific query. If you see this object as a result of a single IP query, it means the IP address is currently in the free pool of address space managed by the RIPE NCC."", ""routedesc"": ""migration AS12541"", ""bgproute"": ""212.80.160.0/19""}"
proveedores alcampo,2024-01-24 17:26:23,RAW_RIR_DATA,sfp_bgpview,12462,0,"{'asn': 12462, 'name': 'ECE-MAD-DATA', 'description_short': 'Evolutio_Cloud_Enabler_Madrid_Datacenter', 'description_full': ['Evolutio_Cloud_Enabler_Madrid_Datacenter'], 'country_code': 'ES', 'website': None, 'email_contacts': ['abuse@evolutio.com', 'raul.hernandez@evolutio.com', 'jesus.sanchez@evolutio.com', 'raul.izquierdodiaz@evolutio.com'], 'abuse_contacts': ['abuse@evolutio.com'], 'looking_glass': None, 'traffic_estimation': None, 'traffic_ratio': None, 'owner_address': ['Isabel Colbrand', '6-8', '28050', 'Madrid', 'SPAIN'], 'rir_allocation': {'rir_name': 'RIPE', 'country_code': 'ES', 'date_allocated': '1999-06-01 00:00:00', 'allocation_status': 'allocated'}, 'iana_assignment': {'assignment_status': 'assigned', 'description': 'Assigned by RIPE NCC', 'whois_server': 'whois.ripe.net', 'date_assigned': None}, 'date_updated': '2024-01-15 04:26:52'}"
proveedores alcampo,2024-01-24 17:26:21,RAW_RIR_DATA,sfp_bgpview,12541,0,"{'asn': 12541, 'name': 'EBC_Inner_AS', 'description_short': 'Evolutio Business Connectivity Autonomous System', 'description_full': ['Evolutio Business Connectivity Autonomous System'], 'country_code': 'ES', 'website': 'https://www.evolutio.com', 'email_contacts': ['abuse@evolutio.com', 'adminripe@evolutio.com', 'it.infraestructure.spain@evolutio.com', 'tomas.pellicer@evolutio.com', 'raul.mateo@evolutio.com', 'juan.ruiz@evolutio.com', 'julian.delpozo@evolutio.com', 'juancarlos.perez@evolutio.com'], 'abuse_contacts': ['abuse@evolutio.com'], 'looking_glass': None, 'traffic_estimation': None, 'traffic_ratio': 'Not Disclosed', 'owner_address': ['Isabel Colbrand', '6', '28050', 'Madrid', 'SPAIN'], 'rir_allocation': {'rir_name': 'RIPE', 'country_code': 'ES', 'date_allocated': '1999-07-07 00:00:00', 'allocation_status': 'allocated'}, 'iana_assignment': {'assignment_status': 'assigned', 'description': 'Assigned by RIPE NCC', 'whois_server': 'whois.ripe.net', 'date_assigned': None}, 'date_updated': '2024-01-19 06:32:1"
proveedores alcampo,2024-01-24 17:26:15,RAW_RIR_DATA,sfp_bgpview,8903,0,"{'asn': 8903, 'name': 'AS8903', 'description_short': 'Evolutio Business Connectivity. Network infrastructure & Peering.', 'description_full': ['Evolutio Business Connectivity. Network infrastructure & Peering.'], 'country_code': 'ES', 'website': 'http://www.evolutio.com', 'email_contacts': ['abuse@evolutio.com', 'adminripe@evolutio.com', 'julian.delpozo@evolutio.com', 'juan.ruiz@evolutio.com', 'tomas.pellicer@evolutio.com', 'raul.mateo@evolutio.com', 'juancarlos.perez@evolutio.com'], 'abuse_contacts': ['abuse@evolutio.com'], 'looking_glass': None, 'traffic_estimation': None, 'traffic_ratio': 'Balanced', 'owner_address': ['Isabel Colbrand', '6', '28050', 'Madrid', 'SPAIN'], 'rir_allocation': {'rir_name': 'RIPE', 'country_code': 'ES', 'date_allocated': '1998-07-24 00:00:00', 'allocation_status': 'allocated'}, 'iana_assignment': {'assignment_status': 'assigned', 'description': 'Assigned by RIPE NCC', 'whois_server': 'whois.ripe.net', 'date_assigned': None}, 'date_updated': '2024-01-23 05:48:27'}"
proveedores alcampo,2024-01-24 17:26:10,RAW_RIR_DATA,sfp_ipapico,212.80.185.182,0,"{'ip': '212.80.185.182', 'network': '212.80.184.0/22', 'version': 'IPv4', 'city': 'Burgos', 'region': 'Castille and León', 'region_code': 'CL', 'country': 'ES', 'country_name': 'Spain', 'country_code': 'ES', 'country_code_iso3': 'ESP', 'country_capital': 'Madrid', 'country_tld': '.es', 'continent_code': 'EU', 'in_eu': True, 'postal': '09006', 'latitude': 42.3468, 'longitude': -3.6724, 'timezone': 'Europe/Madrid', 'utc_offset': '+0100', 'country_calling_code': '+34', 'currency': 'EUR', 'currency_name': 'Euro', 'languages': 'es-ES,ca,gl,eu,oc', 'country_area': 504782.0, 'country_population': 46723749, 'asn': 'AS8903', 'org': 'Evolutio Business Connectivity S.L.'}"
proveedores alcampo,2024-01-24 17:26:03,RAW_RIR_DATA,sfp_bgpview,212.80.185.182,0,"{'ip': '212.80.185.182', 'ptr_record': None, 'prefixes': [{'prefix': '212.80.176.0/20', 'ip': '212.80.176.0', 'cidr': 20, 'asn': {'asn': 8903, 'name': 'AS8903', 'description': 'Evolutio Business Connectivity. Network infrastructure & Peering.', 'country_code': 'ES'}, 'name': 'ES-EVOLUTIO-19990707', 'description': 'EVOLUTIO CLOUD ENABLER S.A. UNIPERSONAL', 'country_code': 'ES'}, {'prefix': '212.80.176.0/20', 'ip': '212.80.176.0', 'cidr': 20, 'asn': {'asn': 12541, 'name': 'EBC_Inner_AS', 'description': 'Evolutio Business Connectivity Autonomous System', 'country_code': 'ES'}, 'name': 'ES-EVOLUTIO-19990707', 'description': 'EVOLUTIO CLOUD ENABLER S.A. UNIPERSONAL', 'country_code': 'ES'}, {'prefix': '212.80.160.0/19', 'ip': '212.80.160.0', 'cidr': 19, 'asn': {'asn': 12462, 'name': 'ECE-MAD-DATA', 'description': 'Evolutio_Cloud_Enabler_Madrid_Datacenter', 'country_code': 'ES'}, 'name': 'ES-EVOLUTIO-19990707', 'description': 'EVOLUTIO CLOUD ENABLER S.A. UNIPERSONAL', 'country_code': 'ES'}], 'rir_allocation': {'rir_"
proveedores alcampo,2024-01-24 17:26:25,RAW_RIR_DATA,sfp_bgpview,212.80.160.0/19,0,"{'prefix': '212.80.160.0/19', 'ip': '212.80.160.0', 'cidr': 19, 'asns': [{'asn': 12462, 'name': 'ECE-MAD-DATA', 'description': 'Evolutio_Cloud_Enabler_Madrid_Datacenter', 'country_code': 'ES', 'prefix_upstreams': [{'asn': 12541, 'name': 'EBC_Inner_AS', 'description': 'Evolutio Business Connectivity Autonomous System', 'country_code': 'ES'}]}], 'name': 'ES-EVOLUTIO-19990707', 'description_short': 'EVOLUTIO CLOUD ENABLER S.A. UNIPERSONAL', 'description_full': ['EVOLUTIO CLOUD ENABLER S.A. UNIPERSONAL'], 'email_contacts': ['abuse@evolutio.com', 'bt.igs.secondlevel@bt.com', 'tomas.pellicer@evolutio.com', 'raul.mateo@evolutio.com', 'juan.ruiz@evolutio.com', 'julian.delpozo@evolutio.com'], 'abuse_contacts': ['abuse@evolutio.com'], 'owner_address': ['Isabel Colbrand', '6-8', '28050', 'Madrid', 'SPAIN'], 'country_codes': {'whois_country_code': 'ES', 'rir_allocation_country_code': None, 'maxmind_country_code': None}, 'rir_allocation': {'rir_name': 'RIPE', 'country_code': None, 'ip': '212.80.160.0', 'cidr': 19, 'prefix"
proveedores alcampo,2024-01-24 17:26:19,RAW_RIR_DATA,sfp_bgpview,212.80.176.0/20,0,"{'prefix': '212.80.176.0/20', 'ip': '212.80.176.0', 'cidr': 20, 'asns': [{'asn': 12541, 'name': 'EBC_Inner_AS', 'description': 'Evolutio Business Connectivity Autonomous System', 'country_code': 'ES', 'prefix_upstreams': [{'asn': 3320, 'name': 'DTAG', 'description': 'Internet service provider operations', 'country_code': 'DE'}, {'asn': 3257, 'name': 'GTT-BACKBONE', 'description': 'GTT', 'country_code': 'US'}, {'asn': 174, 'name': 'COGENT-174', 'description': 'Cogent Communications', 'country_code': 'US'}]}], 'name': 'ES-EVOLUTIO-19990707', 'description_short': 'EVOLUTIO CLOUD ENABLER S.A. UNIPERSONAL', 'description_full': ['EVOLUTIO CLOUD ENABLER S.A. UNIPERSONAL'], 'email_contacts': ['abuse@evolutio.com', 'bt.igs.secondlevel@bt.com', 'tomas.pellicer@evolutio.com', 'raul.mateo@evolutio.com', 'juan.ruiz@evolutio.com', 'julian.delpozo@evolutio.com'], 'abuse_contacts': ['abuse@evolutio.com'], 'owner_address': ['Isabel Colbrand', '6-8', '28050', 'Madrid', 'SPAIN'], 'country_codes': {'whois_country_code': 'ES', 'r"
